Sub_Area,price_list,built_year_list,floor_list,bedroom_list,bathroom_list,area_list,distance_to_transport_list,facilities_list
จอมพล,3140000,2019.0,32.0,1,1,23.53,450.0,7.0
สุขุมวิท,14500000,2021.0,30.0,2,2,51.66,1070.0,10.0
สีลม,15000000,2022.0,15.0,1,1,45.77,490.0,10.0
จอมพล,6347000,2021.0,11.0,1,1,35.09,180.0,10.0
สุขุมวิท,8290000,2020.0,23.0,2,2,46.5,1430.0,10.0
พระโขนงใต้,5260000,2017.0,16.0,1,1,39.35,530.0,5.0
พร้อมพงษ์,19000000,2018.0,18.0,1,1,54.41,370.0,10.0
จอมพล,4190000,2015.0,26.0,1,1,32.9,450.0,10.0
บางจาก,3300000,2014.0,5.0,1,1,30.0,410.0,9.0
แยกบางโพ,3000000,2014.0,39.0,1,1,36.0,480.0,9.0
ทองหล่อ,6900000,2008.0,9.0,2,2,75.0,1340.0,6.0
สุขุมวิท,12888000,2019.0,2.0,2,2,67.5,1290.0,7.0
ชิดลม,16410000,2017.0,24.0,1,1,43.85,310.0,5.0
พร้อมพงษ์,7990000,2009.0,19.0,1,1,52.0,330.0,10.0
ทองหล่อ,24100000,2020.0,22.0,2,2,72.36,90.0,10.0
รัชโยธิน,5290000,2019.0,6.0,1,1,34.66,250.0,10.0
พร้อมพงษ์,8090000,2020.0,8.0,1,1,33.95,450.0,10.0
พร้อมพงษ์,7135000,2022.0,15.0,1,1,29.81,440.0,11.0
บางจาก,3300000,2014.0,8.0,1,1,38.5,460.0,8.0
บางจาก,5050000,2020.0,25.0,1,1,32.0,180.0,10.0
พระโขนงเหนือ,3790000,2015.0,24.0,1,1,31.0,870.0,6.0
ชิดลม,12500000,2017.0,3.0,1,1,33.5,310.0,10.0
ห้วยขวาง,3990000,2017.0,20.0,1,1,42.0,1150.0,10.0
บางจาก,6300000,2014.0,8.0,2,2,69.0,480.0,10.0
อารีย์,4490000,2013.0,9.0,1,1,47.0,750.0,10.0
ทุ่งพญาไท,7400000,2010.0,33.0,1,1,41.0,250.0,10.0
พร้อมพงษ์,6300000,2013.0,12.0,1,1,34.0,190.0,9.0
พร้อมพงษ์,7200000,2018.0,25.0,1,1,29.0,660.0,9.0
พร้อมพงษ์,9793000,2012.0,24.0,1,1,52.0,270.0,10.0
ทองหล่อ,3300000,1995.0,16.0,1,1,49.0,1400.0,7.0
สีลม,5129500,2014.0,31.0,1,1,37.94,370.0,7.0
พร้อมพงษ์,12960000,2014.0,12.0,1,1,54.25,250.0,6.0
ห้วยขวาง,5162000,2018.0,31.0,1,1,29.0,20.0,7.0
บางจาก,3260000,2013.0,3.0,2,2,62.0,510.0,6.0
ช่องนนทรี,12000000,2014.0,4.0,2,2,62.0,590.0,7.0
สุขุมวิท,8925000,2016.0,33.0,1,1,45.0,220.0,10.0
พร้อมพงษ์,6300000,2020.0,14.0,1,1,27.0,610.0,10.0
พร้อมพงษ์,12000000,2014.0,7.0,1,1,53.0,260.0,6.0
บางจาก,5500000,2014.0,2.0,2,2,69.0,480.0,10.0
พระโขนงเหนือ,6300000,2011.0,16.0,2,1,45.0,70.0,5.0
บางจาก,6800000,2020.0,12.0,1,1,33.0,180.0,12.0
บางจาก,8230000,2018.0,29.0,2,2,53.0,180.0,8.0
ทุ่งวัดดอน,3661461,2016.0,8.0,1,1,34.43,1460.0,10.0
จอมพล,5076000,2015.0,36.0,1,1,34.22,450.0,12.0
บางกะปิ,3408000,2015.0,26.0,1,1,39.0,1150.0,10.0
ทุ่งมหาเมฆ,22900000,2016.0,8.0,3,3,155.09,910.0,10.0
สะพานควาย,6100000,2019.0,33.0,2,1,45.0,250.0,10.0
บางจากภาษีเจริญ,5325000,2014.0,17.0,1,1,34.0,210.0,8.0
อโศก,17900000,2018.0,12.0,2,2,86.0,360.0,10.0
ทองหล่อ,11500000,2012.0,8.0,2,2,83.37,1700.0,10.0
สะพานควาย,10619000,2019.0,20.0,2,2,65.0,250.0,10.0
พระโขนงใต้,6300000,2017.0,9.0,2,1,49.65,530.0,5.0
บุคคโล,2700000,2010.0,10.0,1,1,35.0,530.0,4.0
พร้อมพงษ์,5790000,2014.0,16.0,1,1,27.0,650.0,10.0
พระราม 9,3750000,2012.0,12.0,1,1,49.0,520.0,10.0
ลาซาล,3900000,2014.0,3.0,2,2,52.0,630.0,7.0
ทองหล่อ,9800000,2010.0,21.0,2,1,71.0,1650.0,5.0
พร้อมพงษ์,6614000,2009.0,14.0,1,1,50.0,600.0,8.0
บางอ้อ,7300000,2014.0,12.0,2,2,62.0,260.0,4.0
เพลินจิต,7590000,2020.0,17.0,1,1,38.0,540.0,10.0
พระโขนงเหนือ,3250000,2007.0,4.0,1,1,38.11,260.0,5.0
ประดิพัทธ์,9000000,2012.0,47.0,2,2,65.0,720.0,9.0
บ้านครัว,7500000,2015.0,4.0,1,1,39.0,340.0,5.0
พร้อมพงษ์,7900000,2014.0,15.0,1,1,43.0,530.0,9.0
สุขุมวิท,6922500,2010.0,8.0,1,2,74.0,260.0,4.0
มักกะสัน,5000000,2012.0,22.0,1,1,48.0,570.0,8.0
สุขุมวิท,7938000,2019.0,22.0,2,2,65.0,1170.0,10.0
สุขุมวิท,3600000,2009.0,17.0,1,1,31.0,320.0,10.0
บางจาก,4190000,2014.0,8.0,1,1,50.0,1640.0,10.0
ทองหล่อ,2390000,2014.0,2.0,2,1,67.0,860.0,2.0
พระราม 9,4021000,2012.0,20.0,1,1,50.0,520.0,10.0
ทองหล่อ,4330000,2018.0,8.0,1,1,29.27,800.0,10.0
บางจาก,5155000,2020.0,12.0,1,1,33.0,180.0,10.0
พร้อมพงษ์,15000000,1999.0,19.0,2,2,136.0,570.0,5.0
จอมพล,4700000,2015.0,31.0,1,1,32.5,450.0,10.0
บางกะปิ,3070784,2017.0,4.0,1,1,32.0,2290.0,10.0
ทองหล่อ,7010000,2013.0,4.0,1,1,46.42,140.0,10.0
สุขุมวิท,4400000,2019.0,12.0,1,1,32.0,1170.0,10.0
เสนานิคม,3000000,2019.0,3.0,2,1,34.5,680.0,7.0
สามย่าน,6175000,2018.0,10.0,1,1,25.0,150.0,5.0
ดินแดง,3950000,2017.0,8.0,1,1,29.0,570.0,10.0
สีลม,11845000,2013.0,4.0,2,2,70.0,430.0,10.0
ทองหล่อ,10578000,2012.0,11.0,1,1,53.0,370.0,7.0
ห้วยขวาง,7500000,2014.0,25.0,1,1,44.0,380.0,9.0
บางกะปิ,3882000,2022.0,14.0,1,1,37.5,1900.0,10.0
บางจาก,5200000,2019.0,14.0,1,1,35.0,320.0,10.0
จอมพล,3390000,2014.0,11.0,1,1,31.44,500.0,8.0
บางกะปิ,3579960,2022.0,20.0,1,1,33.0,1950.0,10.0
ถนนนราธิวาสราชนครินทร์,14500000,2009.0,30.0,2,2,147.0,520.0,6.0
บางนาเหนือ,3850000,1993.0,12.0,1,1,109.5,820.0,10.0
ห้วยขวาง,8780000,2018.0,30.0,2,2,55.0,20.0,7.0
พระโขนงใต้,2341000,2014.0,14.0,1,1,27.14,520.0,6.0
พร้อมพงษ์,9467850,2014.0,12.0,2,2,55.0,650.0,10.0
วงศ์สว่าง,2490000,2010.0,20.0,1,1,40.0,750.0,8.0
ชิดลม,15990000,2017.0,21.0,1,1,44.0,310.0,5.0
ยานนาวา,5800000,2014.0,19.0,1,1,37.33,580.0,9.0
บางจาก,6400000,2011.0,7.0,1,1,45.0,180.0,5.0
สีลม,21000000,2018.0,15.0,1,1,50.63,460.0,8.0
ชิดลม,15990000,2017.0,21.0,1,1,44.0,310.0,5.0
บางซ่อน,2850000,2017.0,22.0,1,1,44.0,780.0,8.0
บางจากภาษีเจริญ,3190000,2019.0,8.0,1,1,27.0,250.0,8.0
สีลม,7499999,2001.0,38.0,1,2,68.0,490.0,5.0
สุทธิสาร,4800000,2009.0,14.0,1,2,60.0,110.0,9.0
สุรศักดิ์,15000000,2020.0,14.0,2,2,78.0,440.0,10.0
สุขุมวิท,25604800,2020.0,7.0,2,2,82.08,800.0,10.0
สวนหลวง,3500000,1997.0,9.0,3,2,102.0,2120.0,10.0
ถนนจันทน์,2400000,2015.0,9.0,1,1,26.0,1780.0,10.0
พร้อมพงษ์,5100000,2012.0,6.0,1,1,42.81,1060.0,5.0
สุขุมวิท,3900000,2020.0,7.0,1,1,29.6,430.0,10.0
บางพลัด,3690000,2019.0,20.0,1,1,31.0,380.0,10.0
บางนาเหนือ,2950000,2010.0,9.0,1,1,30.5,100.0,7.0
จอมพล,4600000,2015.0,17.0,1,1,32.0,450.0,7.0
แยกบางโพ,12950000,2017.0,8.0,2,2,85.6,180.0,10.0
อรุณอมรินทร์,2650000,1999.0,10.0,1,1,56.01,1130.0,6.0
ประดิพัทธ์,8100000,2019.0,11.0,1,1,38.95,480.0,9.0
จอมพล,3590000,2017.0,18.0,1,1,30.0,880.0,10.0
พร้อมพงษ์,11800000,2012.0,12.0,1,1,52.0,400.0,7.0
ถนนจันทน์,2950000,2015.0,20.0,1,1,32.0,1780.0,5.0
บางอ้อ,2650000,2014.0,23.0,1,1,30.63,260.0,4.0
ทองหล่อ,13200000,2012.0,7.0,1,1,53.39,520.0,10.0
ทองหล่อ,5200000,2015.0,7.0,1,1,50.0,360.0,4.0
จอมพล,3490000,2013.0,33.0,1,1,38.5,350.0,10.0
วงเวียนใหญ่,2180000,2009.0,3.0,1,1,32.7,260.0,4.0
จันทรเกษม,3200000,2014.0,2.0,1,1,49.5,600.0,6.0
พร้อมพงษ์,20900000,2013.0,26.0,2,2,76.0,190.0,7.0
ห้วยขวาง,6590000,2014.0,19.0,1,1,44.0,380.0,10.0
บางจากภาษีเจริญ,3289000,2019.0,8.0,1,1,27.0,250.0,8.0
ลุมพินี,24000000,2014.0,40.0,2,2,86.0,330.0,5.0
ปิ่นเกล้า,2390000,2018.0,3.0,1,1,26.0,600.0,10.0
สุขุมวิท,4200000,2019.0,15.0,1,1,30.45,1170.0,10.0
กรุงธนบุรี,3890000,2014.0,12.0,1,1,27.1,80.0,9.0
บางค้อ,2990000,2015.0,17.0,1,1,33.0,130.0,10.0
ถนนนราธิวาสราชนครินทร์,7100000,2019.0,40.0,1,1,37.28,870.0,9.0
สำเหร่,3200000,2013.0,14.0,1,1,38.0,1520.0,10.0
ถนนนราธิวาสราชนครินทร์,7100000,2019.0,40.0,1,1,37.28,870.0,9.0
ลาซาล,2250000,2019.0,5.0,1,1,25.0,490.0,10.0
พระโขนงเหนือ,3400000,2015.0,19.0,1,1,31.0,870.0,6.0
ราชพฤกษ์,2590000,2017.0,30.0,1,1,30.0,570.0,8.0
พร้อมพงษ์,27291000,2010.0,32.0,3,4,152.0,500.0,7.0
ทองหล่อ,4800000,2011.0,8.0,1,1,40.0,1300.0,10.0
ดาวคะนอง,2195000,2014.0,22.0,1,1,26.55,90.0,6.0
ห้วยขวาง,2690000,2019.0,14.0,1,1,23.5,1010.0,10.0
สามย่าน,6290000,2018.0,29.0,1,1,24.5,150.0,5.0
บางคอแหลม,8000000,2004.0,17.0,2,2,102.0,2070.0,10.0
จันทรเกษม,5361000,2009.0,16.0,2,1,62.0,710.0,6.0
พระราม 9,3290000,2014.0,9.0,1,1,39.0,390.0,8.0
ทองหล่อ,7800000,2010.0,11.0,1,1,53.0,1650.0,5.0
บางกะปิ,30000000,2015.0,6.0,3,4,200.0,1410.0,4.0
พร้อมพงษ์,5190000,2020.0,18.0,1,1,27.0,610.0,10.0
บางยี่ขัน,4000000,2018.0,5.0,2,1,43.0,40.0,10.0
ทุ่งมหาเมฆ,17000000,2009.0,20.0,2,2,93.0,540.0,10.0
คลองสาน,5250000,2021.0,8.0,1,1,51.5,1130.0,10.0
ทุ่งมหาเมฆ,49000000,2013.0,27.0,4,5,228.0,1900.0,6.0
เตาปูน,7200000,2020.0,9.0,2,1,49.0,120.0,10.0
สุขุมวิท,25750000,2020.0,28.0,3,2,92.0,1200.0,9.0
พระโขนงใต้,6200000,2013.0,9.0,1,1,45.0,200.0,7.0
บางกะปิ,3390000,2022.0,32.0,1,1,29.0,1950.0,10.0
บางหว้า,2580000,2017.0,5.0,1,1,27.0,420.0,10.0
พร้อมพงษ์,6500000,2013.0,20.0,1,1,35.0,190.0,7.0
พระราม 4,10000000,2013.0,16.0,1,1,64.0,290.0,11.0
สามเสนนอก,2190000,2019.0,8.0,1,1,30.21,1570.0,5.0
จอมพล,5700000,2018.0,10.0,1,1,35.0,460.0,10.0
สะพานตากสิน,36200000,2012.0,16.0,3,4,186.0,510.0,10.0
จอมพล,9090000,2020.0,23.0,2,2,65.78,100.0,10.0
จอมพล,2900000,2017.0,8.0,1,1,30.0,460.0,9.0
ตลาดพลู,7200000,2021.0,33.0,2,1,57.0,250.0,10.0
พร้อมพงษ์,13000000,1997.0,11.0,3,3,150.0,320.0,5.0
จอมพล,9090000,2020.0,23.0,2,2,65.78,100.0,10.0
แบริ่ง,2590000,2014.0,7.0,1,1,33.76,420.0,5.0
ลาดยาว,3000000,2013.0,12.0,1,1,49.5,880.0,7.0
สุขุมวิท,4500000,2009.0,16.0,1,1,30.1,330.0,10.0
บางหว้า,2450000,2017.0,25.0,1,1,26.07,420.0,10.0
ทองหล่อ,5290000,2009.0,20.0,1,1,37.0,350.0,5.0
สุรศักดิ์,9000000,2014.0,25.0,2,1,53.0,90.0,2.0
วัดท่าพระ,6800000,2018.0,21.0,2,2,71.0,200.0,8.0
ห้วยขวาง,2200000,2019.0,4.0,1,1,22.57,1010.0,10.0
สุขุมวิท,5800000,2012.0,3.0,1,1,35.0,120.0,5.0
พระโขนงใต้,4480000,2017.0,6.0,2,1,39.0,530.0,5.0
สวนหลวง,2890000,2019.0,21.0,1,1,30.8,260.0,9.0
บางจาก,2990000,2015.0,4.0,1,1,32.62,70.0,8.0
สะพานควาย,3600000,2010.0,7.0,1,1,31.0,160.0,5.0
สุทธิสาร,4200000,2009.0,6.0,1,1,42.0,670.0,10.0
วงศ์สว่าง,3390000,2018.0,11.0,1,1,32.16,130.0,10.0
สามย่าน,8900000,2018.0,36.0,1,1,34.5,150.0,9.0
จันทรเกษม,2950000,2018.0,8.0,1,1,25.54,1760.0,9.0
สามเสนนอก,4200000,2011.0,29.0,1,1,45.5,170.0,6.0
ลาซาล,2000000,2019.0,4.0,1,1,26.0,490.0,10.0
สุขุมวิท,5700000,2011.0,20.0,1,1,52.0,220.0,10.0
จอมพล,2050000,2014.0,6.0,1,1,23.36,320.0,7.0
กรุงเทพกรีฑา,2390000,2009.0,6.0,1,1,45.5,680.0,6.0
สุขุมวิท,3900000,2011.0,22.0,1,1,32.64,220.0,10.0
พระราม 9,4290000,2014.0,11.0,1,1,26.5,220.0,10.0
บางกะปิ,2290000,2015.0,11.0,1,1,26.4,1280.0,12.0
พระโขนงเหนือ,2650000,2015.0,6.0,1,1,26.24,870.0,6.0
วงศ์สว่าง,2500000,2015.0,33.0,1,1,30.0,200.0,6.0
ปากคลองภาษีเจริญ,3999999,2016.0,12.0,2,1,51.0,220.0,8.0
ท่าอากาศยานสุวรรณภูมิ,2000000,2013.0,6.0,1,1,30.18,1230.0,7.0
จันทรเกษม,2690000,2016.0,3.0,1,1,28.0,340.0,6.0
ท่าอากาศยานสุวรรณภูมิ,2000000,2016.0,4.0,2,2,43.0,1100.0,10.0
สวนหลวง,2200000,2013.0,11.0,1,1,35.0,890.0,5.0
บางอ้อ,2000000,2009.0,2.0,1,1,42.5,610.0,8.0
สุขุมวิท,6530000,2016.0,32.0,1,1,35.0,220.0,8.0
สุรศักดิ์,14500000,2020.0,17.0,2,1,70.0,440.0,10.0
สุขุมวิท,5500000,2013.0,6.0,1,1,35.31,1270.0,5.0
ทองหล่อ,9785000,2009.0,31.0,1,1,55.0,260.0,10.0
สวนหลวง,2490000,2016.0,10.0,1,1,31.0,720.0,6.0
พร้อมพงษ์,2700000,2011.0,10.0,1,1,28.0,300.0,7.0
พระโขนงเหนือ,7500000,2011.0,25.0,2,2,61.0,530.0,7.0
ห้วยขวาง,3300000,2016.0,10.0,1,1,28.0,140.0,7.0
จอมพล,3290000,2019.0,16.0,1,1,29.0,750.0,10.0
สวนหลวง,4200000,2020.0,4.0,2,1,44.93,1560.0,7.0
บางซ่อน,2950000,2017.0,20.0,1,1,43.25,430.0,8.0
จันทรเกษม,2150000,2014.0,2.0,1,1,32.0,600.0,3.0
ราชปรารภ,4100000,2012.0,24.0,1,1,38.0,80.0,5.0
พร้อมพงษ์,44500000,2017.0,21.0,2,2,127.0,150.0,10.0
สะพานตากสิน,9590000,2012.0,14.0,1,1,63.0,450.0,6.0
เพชรรามา,10500000,2015.0,27.0,2,2,60.0,260.0,9.0
เพชรรามา,10500000,2015.0,27.0,2,2,60.0,260.0,9.0
จอมพล,3000000,2019.0,20.0,1,1,28.5,750.0,10.0
กรุงธนบุรี,4200000,2010.0,14.0,1,1,36.13,110.0,5.0
พระราม 9,6700000,2015.0,14.0,1,1,48.3,510.0,9.0
พระโขนงใต้,4500000,2017.0,19.0,1,1,36.0,530.0,5.0
ห้วยขวาง,2250000,2019.0,17.0,1,1,22.59,1010.0,10.0
พระโขนงใต้,3450000,2014.0,3.0,2,1,36.12,520.0,10.0
บางขุนศรี,3850000,2019.0,23.0,1,1,47.0,350.0,10.0
พระราม 9,5790000,2018.0,10.0,1,1,35.5,330.0,10.0
ถนนนราธิวาสราชนครินทร์,10900000,2016.0,14.0,1,1,66.0,740.0,9.0
ถนนนราธิวาสราชนครินทร์,6200000,2019.0,25.0,1,1,37.0,870.0,9.0
พร้อมพงษ์,13900000,2009.0,8.0,2,3,104.0,750.0,10.0
บ้านช่างหล่อ,6300000,2021.0,3.0,2,1,49.0,1240.0,8.0
วัดท่าพระ,2300000,2016.0,19.0,1,1,32.0,430.0,9.0
ทองหล่อ,4290000,2018.0,8.0,1,1,29.27,800.0,10.0
เสนานิคม,2300000,2019.0,3.0,1,1,31.8,680.0,7.0
พร้อมพงษ์,11000000,1999.0,21.0,3,2,120.0,570.0,5.0
จอมพล,8343000,2021.0,31.0,1,1,35.0,180.0,10.0
บางกะปิ,3050000,2015.0,4.0,1,1,38.0,1150.0,8.0
พระราม 9,4400000,2017.0,14.0,1,1,29.0,380.0,10.0
ลาดยาว,3900000,2016.0,8.0,1,1,39.69,1590.0,9.0
จอมพล,4300000,2017.0,12.0,1,1,30.09,880.0,10.0
คลองเตย,5220000,2013.0,8.0,1,1,43.55,410.0,6.0
พระโขนงเหนือ,6500000,2011.0,28.0,1,1,44.0,70.0,5.0
วงศ์สว่าง,4400000,2016.0,20.0,2,1,45.0,140.0,5.0
พร้อมพงษ์,14000000,2018.0,12.0,1,1,56.47,660.0,14.0
ลุมพินี,7206185,2015.0,5.0,1,1,33.6,280.0,7.0
พร้อมพงษ์,5000000,2013.0,9.0,1,1,40.0,400.0,5.0
ลาดยาว,3000000,2016.0,16.0,1,1,30.5,1590.0,9.0
วงศ์สว่าง,2700000,2018.0,20.0,1,1,32.0,130.0,10.0
ทองหล่อ,8000000,2009.0,17.0,2,2,66.17,350.0,5.0
ห้วยขวาง,6000000,2018.0,32.0,1,1,35.0,20.0,7.0
พระโขนงใต้,6900000,2014.0,11.0,2,2,64.0,520.0,10.0
บางซ่อน,3200000,2017.0,15.0,1,2,56.0,110.0,7.0
ราชพฤกษ์,6000000,2012.0,12.0,2,2,56.0,390.0,8.0
จอมพล,5500000,2012.0,8.0,2,1,78.0,540.0,8.0
พระโขนงใต้,2690000,2019.0,4.0,1,1,26.0,950.0,11.0
เอกมัย,17500000,2011.0,21.0,2,2,87.0,260.0,10.0
ทุ่งวัดดอน,4840000,2018.0,4.0,2,2,60.0,950.0,6.0
บางค้อ,2450000,2014.0,20.0,1,1,31.0,330.0,10.0
บางลำภูล่าง,4003074,2017.0,8.0,1,1,30.0,240.0,10.0
พร้อมพงษ์,9900000,2012.0,4.0,2,2,64.65,700.0,4.0
ห้วยขวาง,19440000,2014.0,26.0,2,2,80.0,380.0,7.0
ดินแดง,2000000,2010.0,5.0,1,1,35.0,550.0,7.0
สามย่าน,6390000,2012.0,22.0,1,1,43.0,370.0,8.0
จอมพล,3980000,2010.0,18.0,1,1,39.0,440.0,8.0
รามคำแหง,2888000,2022.0,15.0,1,1,35.0,780.0,10.0
บุคคโล,4850000,2011.0,21.0,1,1,46.0,320.0,7.0
สวนหลวง,2990000,2018.0,50.0,1,1,28.66,370.0,8.0
คลองสาน,7000000,1994.0,17.0,1,1,60.0,1000.0,10.0
สุขุมวิท,6400000,2013.0,11.0,1,1,45.0,80.0,6.0
สุขุมวิท,8700000,2015.0,19.0,1,1,52.5,250.0,7.0
พร้อมพงษ์,18500000,2017.0,4.0,2,3,93.0,1380.0,9.0
อารีย์,2970000,2011.0,4.0,1,1,35.75,860.0,5.0
สุขุมวิท,6500000,2008.0,11.0,1,1,54.0,1130.0,6.0
อโศก,5200000,2014.0,28.0,1,1,60.0,540.0,6.0
สุขุมวิท,6500000,2012.0,4.0,1,1,44.0,120.0,5.0
บางจาก,4300000,2018.0,15.0,1,1,30.0,430.0,10.0
บางจาก,4290000,2018.0,30.0,1,1,30.0,430.0,9.0
พร้อมพงษ์,4270000,2009.0,19.0,1,1,35.5,600.0,8.0
สุขุมวิท,6480000,2013.0,10.0,1,1,48.03,380.0,9.0
รามคำแหง,3900000,2017.0,4.0,2,1,54.0,1780.0,8.0
ลุมพินี,11340000,2008.0,20.0,1,1,87.0,190.0,4.0
สุรศักดิ์,18000000,2016.0,18.0,2,2,78.0,90.0,5.0
บางกะปิ,3050000,2016.0,20.0,1,1,32.0,1680.0,9.0
พร้อมพงษ์,9720000,2016.0,2.0,1,1,49.0,580.0,7.0
เสนานิคม,2400000,2011.0,4.0,1,1,39.0,690.0,5.0
สามเสนนอก,2613600,2014.0,4.0,1,1,35.0,1200.0,8.0
วงศ์สว่าง,2800000,2018.0,20.0,1,1,32.0,130.0,10.0
บางจาก,4900000,2018.0,15.0,1,1,34.48,180.0,10.0
ดินแดง,3990000,2010.0,20.0,1,1,33.0,550.0,4.0
บางค้อ,2090000,2015.0,22.0,1,1,27.0,530.0,10.0
พร้อมพงษ์,7490000,2009.0,2.0,1,1,51.0,590.0,7.0
บางกะปิ,2050000,2015.0,2.0,1,1,26.38,1280.0,8.0
บางอ้อ,2800000,2018.0,25.0,1,1,30.0,310.0,10.0
บางแคเหนือ,2990000,2015.0,25.0,1,1,30.0,80.0,5.0
กล้วยน้ำไท,2200000,2011.0,12.0,1,1,28.6,780.0,10.0
ทุ่งมหาเมฆ,12900000,2009.0,19.0,2,2,109.0,740.0,10.0
พร้อมพงษ์,11000000,2012.0,18.0,1,1,67.5,700.0,5.0
พร้อมพงษ์,22000000,2012.0,8.0,2,2,88.0,700.0,5.0
บางขุนศรี,5290000,2019.0,12.0,2,2,75.0,350.0,10.0
บางจาก,3290000,2017.0,8.0,1,1,32.0,710.0,10.0
ถนนนราธิวาสราชนครินทร์,65764750,2009.0,1.0,3,4,453.36,520.0,10.0
บางลำภูล่าง,4800000,2009.0,32.0,1,1,52.75,1170.0,10.0
ทองหล่อ,6000000,2017.0,24.0,1,1,33.0,350.0,10.0
ลาดยาว,2990000,2016.0,15.0,1,1,30.5,1590.0,10.0
จอมพล,5600000,2020.0,26.0,1,1,36.0,100.0,10.0
รัชโยธิน,2500000,2013.0,8.0,1,1,23.7,750.0,6.0
สุขุมวิท,7880000,2015.0,15.0,1,1,51.0,250.0,7.0
สวนหลวง,2300000,2018.0,32.0,1,1,23.0,330.0,10.0
บางกะปิ,3471200,2022.0,20.0,1,1,32.37,1950.0,10.0
พร้อมพงษ์,9790000,2009.0,10.0,1,1,53.0,330.0,7.0
สุขุมวิท,18300000,2004.0,29.0,2,2,110.0,400.0,7.0
แยกบางโพ,2500000,2014.0,18.0,1,1,30.0,480.0,8.0
รัชโยธิน,3000000,2011.0,5.0,1,1,28.0,160.0,10.0
สุขุมวิท,10100000,2021.0,39.0,2,1,45.5,1070.0,10.0
ทุ่งพญาไท,9190000,2022.0,29.0,1,1,47.0,390.0,7.0
สุขุมวิท,5200000,2014.0,11.0,1,1,35.0,180.0,10.0
ถนนจันทน์,3700000,1999.0,12.0,1,1,49.39,2110.0,8.0
พร้อมพงษ์,9300000,2014.0,6.0,2,2,68.0,510.0,5.0
บางกะปิ,5665000,2022.0,55.0,1,1,38.0,1440.0,10.0
ทองหล่อ,10500000,2017.0,10.0,1,1,49.0,350.0,10.0
วงศ์สว่าง,2990000,2018.0,10.0,1,1,31.75,130.0,10.0
บุคคโล,2750000,2017.0,12.0,1,1,24.0,370.0,8.0
จอมพล,2809000,2019.0,12.0,1,1,32.5,650.0,7.0
ทองหล่อ,2800000,2015.0,5.0,1,1,31.0,360.0,4.0
พร้อมพงษ์,6000000,2009.0,28.0,1,1,49.0,600.0,10.0
ห้วยขวาง,2950000,2010.0,15.0,1,1,34.0,660.0,10.0
รามคำแหง,2100000,2015.0,4.0,2,1,39.0,1870.0,9.0
คลองสาน,5500000,2021.0,14.0,1,1,48.0,1130.0,10.0
เสนานิคม,2300000,2014.0,5.0,1,1,33.0,1120.0,2.0
ลาดพร้าว,3200000,2016.0,7.0,2,1,45.0,2200.0,10.0
สามเสนนอก,2200000,2006.0,6.0,1,1,35.53,1350.0,10.0
ทองหล่อ,4900000,2011.0,4.0,1,1,40.0,1300.0,8.0
สุขุมวิท,7650000,2016.0,18.0,1,1,45.0,220.0,10.0
อารีย์,8885000,2022.0,17.0,1,1,34.7,160.0,10.0
บุคคโล,3000000,2017.0,7.0,1,1,30.5,370.0,6.0
ห้วยขวาง,2499000,2019.0,2.0,1,1,23.2,1010.0,10.0
พระราม 9,2490000,2012.0,17.0,1,1,38.0,430.0,8.0
พร้อมพงษ์,5200000,2014.0,4.0,1,1,35.0,400.0,7.0
ลาดยาว,7250000,2013.0,26.0,2,2,86.87,880.0,7.0
เตาปูน,2700000,2017.0,50.0,1,1,26.7,470.0,10.0
สวนหลวง,2190000,2015.0,4.0,1,1,26.0,370.0,7.0
สีลม,12200000,2022.0,16.0,1,1,45.5,490.0,10.0
ห้วยขวาง,7900000,2016.0,21.0,1,2,55.0,140.0,7.0
สวนหลวง,2190000,2015.0,4.0,1,1,26.0,370.0,7.0
ประดิพัทธ์,2350000,2008.0,10.0,1,1,29.3,470.0,8.0
เจริญผล,5500000,2011.0,8.0,1,1,41.24,180.0,7.0
บางจากภาษีเจริญ,2700000,2009.0,4.0,1,1,35.0,240.0,8.0
พระโขนงเหนือ,2550000,2013.0,9.0,1,1,30.0,870.0,10.0
เอกมัย,13900000,2011.0,11.0,2,1,87.0,260.0,6.0
ห้วยขวาง,3500000,2019.0,13.0,1,1,29.0,1010.0,10.0
ห้วยขวาง,6300000,2014.0,20.0,2,2,56.0,440.0,7.0
ห้วยขวาง,3500000,2019.0,13.0,1,1,29.0,1010.0,10.0
สามเสนใน,2500000,2018.0,4.0,1,1,28.0,1080.0,9.0
หลังสวน,23900000,2014.0,24.0,2,2,160.0,350.0,10.0
บางกะปิ,3190000,2015.0,19.0,1,1,40.0,1150.0,10.0
ตลาดพลู,2095000,2020.0,14.0,1,1,28.0,390.0,8.0
พระราม 9,7500000,2017.0,10.0,2,1,43.0,430.0,10.0
บางยี่ขัน,2390000,2009.0,10.0,1,1,35.5,820.0,8.0
ตลาดพลู,2751000,2021.0,29.0,1,1,23.72,250.0,10.0
พระราม 9,4425000,2020.0,11.0,1,1,34.0,360.0,10.0
พหลโยธิน,3650000,2018.0,30.0,1,1,30.5,160.0,10.0
สะพานตากสิน,8900000,2012.0,7.0,1,1,54.0,510.0,10.0
ทองหล่อ,15000000,2017.0,10.0,2,2,78.0,350.0,10.0
คลองสาน,6100000,2021.0,24.0,1,1,55.0,1130.0,10.0
แยกบางโพ,2500000,2013.0,21.0,1,1,29.5,220.0,5.0
วงศ์สว่าง,10000000,2012.0,50.0,2,3,117.0,1460.0,8.0
รัชโยธิน,5900000,2019.0,12.0,1,1,34.8,250.0,9.0
สุรศักดิ์,8500000,2016.0,50.0,1,1,49.98,420.0,4.0
บางจาก,2830000,2011.0,4.0,1,1,35.0,180.0,4.0
ถนนพญาไท,14300000,2014.0,50.0,2,2,65.88,230.0,8.0
ราชเทวี,8700000,2010.0,4.0,2,2,74.0,130.0,7.0
สุขุมวิท,6491000,2014.0,17.0,1,1,35.0,180.0,10.0
วงศ์สว่าง,2930000,2018.0,12.0,1,1,32.0,130.0,10.0
จอมพล,6590000,2015.0,18.0,2,2,56.12,450.0,7.0
พร้อมพงษ์,26000000,1993.0,19.0,4,3,290.55,540.0,5.0
รัชโยธิน,4390000,2013.0,8.0,1,1,45.3,60.0,7.0
ตลาดพลู,4660000,2022.0,20.0,2,2,57.5,400.0,10.0
สุขุมวิท,4000000,2011.0,25.0,1,1,33.0,220.0,10.0
อารีย์,11904000,2022.0,17.0,2,1,44.7,160.0,10.0
บางจาก,2100000,2014.0,5.0,1,1,30.45,670.0,5.0
บางซ่อน,3400000,2017.0,20.0,1,1,43.25,1200.0,8.0
สุขุมวิท,5665000,2014.0,18.0,1,1,31.15,220.0,8.0
พร้อมพงษ์,4800000,2014.0,5.0,1,1,35.0,400.0,7.0
บางขุนศรี,2700000,2015.0,17.0,1,1,22.0,770.0,10.0
พร้อมพงษ์,18000000,2014.0,12.0,3,2,93.29,530.0,9.0
กรุงธนบุรี,4200000,2010.0,24.0,1,1,37.45,110.0,5.0
สุขุมวิท,8080000,2021.0,1.0,1,1,37.0,460.0,10.0
พร้อมพงษ์,5500000,2009.0,5.0,1,1,44.0,590.0,7.0
วัดพระยาไกร,9785000,2016.0,14.0,1,1,50.51,1640.0,10.0
ห้วยขวาง,8900000,2015.0,18.0,2,2,52.16,260.0,10.0
ดินแดง,7900000,2006.0,7.0,2,2,86.0,270.0,8.0
สุขุมวิท,5000000,2017.0,7.0,1,1,29.7,1160.0,11.0
มักกะสัน,7700000,2013.0,28.0,1,1,48.0,260.0,10.0
เสนานิคม,2100000,2014.0,6.0,1,1,24.3,1120.0,2.0
ประชาชื่น,2590000,2016.0,17.0,1,1,30.25,1470.0,8.0
พระราม 9,2921286,2020.0,15.0,1,1,26.0,360.0,10.0
สามเสนนอก,2350000,2013.0,7.0,1,1,41.25,1400.0,2.0
ทุ่งมหาเมฆ,43000000,2012.0,20.0,1,2,122.0,680.0,4.0
สุรวงศ์,10070000,2016.0,30.0,1,1,36.0,400.0,10.0
ห้วยขวาง,3530000,2017.0,15.0,1,2,25.32,260.0,9.0
บางกะปิ,2759000,2020.0,3.0,1,1,31.5,1820.0,6.0
จอมพล,2690000,2015.0,8.0,1,1,30.33,1230.0,8.0
ทองหล่อ,14500000,2014.0,8.0,1,1,56.0,680.0,5.0
สี่พระยา,8476000,2021.0,21.0,1,1,46.1,730.0,6.0
บางซื่อ,2100000,2014.0,2.0,1,1,28.0,760.0,5.0
ปากคลองภาษีเจริญ,2100000,2015.0,15.0,1,1,30.0,190.0,5.0
บางจาก,3800000,2020.0,25.0,1,1,27.5,180.0,10.0
บางจาก,2780000,2011.0,4.0,1,1,35.0,180.0,4.0
วงเวียนใหญ่,3480000,2011.0,4.0,1,1,36.77,110.0,6.0
วัดพระยาไกร,19587629,2017.0,24.0,3,2,122.0,1000.0,11.0
วงศ์สว่าง,3200000,2015.0,33.0,1,1,31.0,200.0,7.0
ทองหล่อ,4500000,2017.0,17.0,1,1,25.0,350.0,10.0
บางอ้อ,3500000,2009.0,7.0,2,1,90.25,610.0,8.0
สีลม,16000000,2018.0,9.0,1,1,57.0,460.0,8.0
บางหว้า,3150000,2020.0,3.0,2,1,48.1,80.0,10.0
พระราม 9,4500000,2010.0,7.0,2,2,52.1,470.0,6.0
ยานนาวา,8500000,2008.0,27.0,1,1,67.0,860.0,9.0
คลองสาน,4100000,2021.0,20.0,1,1,34.09,1130.0,10.0
คลองต้นไทร,9000000,2013.0,28.0,2,2,74.0,460.0,10.0
พร้อมพงษ์,19000000,2012.0,6.0,2,2,111.0,530.0,7.0
บุคคโล,3200000,2015.0,22.0,1,1,47.0,470.0,7.0
บางจาก,2099999,2014.0,4.0,1,1,30.0,670.0,9.0
วัดพระยาไกร,2590000,2020.0,8.0,1,1,28.0,1430.0,8.0
พร้อมพงษ์,22000000,2018.0,21.0,2,2,83.06,370.0,10.0
พร้อมพงษ์,6800000,2018.0,30.0,1,1,30.0,670.0,10.0
พร้อมพงษ์,3207000,1994.0,19.0,1,1,50.0,1260.0,8.0
สุขุมวิท,3608000,2013.0,8.0,1,1,28.0,380.0,10.0
พระโขนงเหนือ,3650000,2015.0,30.0,1,1,30.0,820.0,8.0
สามเสนใน,2600000,2005.0,10.0,1,1,30.5,590.0,8.0
สวนจตุจักร,7200000,2020.0,29.0,1,1,44.0,570.0,10.0
บางค้อ,2820000,2016.0,23.0,1,1,30.77,290.0,9.0
บางค้อ,5500000,2015.0,21.0,2,2,56.0,130.0,10.0
ราชพฤกษ์,2200000,2014.0,20.0,1,1,32.0,800.0,10.0
พร้อมพงษ์,25000000,2020.0,26.0,3,3,145.0,1160.0,12.0
จอมพล,2460000,2014.0,4.0,1,1,30.86,960.0,4.0
บ้านช่างหล่อ,2600000,2019.0,4.0,1,1,26.39,360.0,9.0
จันทรเกษม,3370000,2014.0,8.0,1,1,30.0,1470.0,8.0
สามเสนนอก,2490000,2019.0,2.0,1,1,27.0,1390.0,5.0
พระโขนงใต้,2390000,2017.0,2.0,1,1,30.0,610.0,12.0
บางกะปิ,3300000,2015.0,18.0,1,1,38.0,1150.0,11.0
ลุมพินี,7987500,2008.0,24.0,2,2,87.0,190.0,4.0
บางจาก,2200000,2019.0,5.0,1,1,25.0,660.0,10.0
ลุมพินี,10900000,2009.0,9.0,2,2,112.0,170.0,10.0
เพชรรามา,4800000,2017.0,14.0,1,1,27.0,340.0,10.0
หัวหมาก,3800000,2019.0,18.0,1,1,33.02,770.0,8.0
ประชาชื่น,3400000,2017.0,18.0,1,1,39.12,450.0,9.0
วิทยุ,19900000,2010.0,23.0,2,2,114.0,610.0,7.0
บางหว้า,2500000,2015.0,50.0,1,1,35.0,400.0,5.0
ทองหล่อ,13310000,2020.0,11.0,1,1,43.25,90.0,10.0
พระราม 4,9270000,2013.0,14.0,1,1,63.0,290.0,12.0
สุขุมวิท,8000000,2013.0,23.0,1,1,59.33,380.0,10.0
จอมพล,4000000,2020.0,12.0,1,1,26.0,100.0,10.0
สุขุมวิท,7500000,2016.0,4.0,1,1,46.0,390.0,8.0
พระโขนงใต้,3700000,2009.0,4.0,1,1,50.0,880.0,4.0
ถนนนราธิวาสราชนครินทร์,11850000,2016.0,34.0,2,2,66.0,740.0,10.0
พระราม 9,6590000,2020.0,14.0,1,1,32.0,70.0,10.0
เพชรรามา,11000000,1998.0,8.0,3,2,91.0,610.0,2.0
บางยี่ขัน,2390000,2014.0,2.0,1,1,31.0,120.0,10.0
ห้วยขวาง,4350000,2016.0,7.0,1,1,31.0,140.0,6.0
บางค้อ,2290000,2016.0,29.0,1,1,21.0,290.0,9.0
บางหว้า,3900000,2020.0,12.0,2,1,51.0,1780.0,10.0
บางค้อ,2900000,2014.0,20.0,1,1,30.46,100.0,7.0
บางจาก,2450000,2014.0,10.0,1,1,36.0,400.0,8.0
คลองต้นไทร,3300000,2013.0,28.0,1,1,30.0,460.0,10.0
สุขุมวิท,4300000,2019.0,12.0,1,1,32.0,1170.0,10.0
พร้อมพงษ์,5800000,2009.0,10.0,1,1,50.0,600.0,8.0
เสนานิคม,3050000,2019.0,4.0,2,1,34.9,680.0,7.0
บางค้อ,3400000,2015.0,16.0,2,1,45.6,530.0,10.0
ห้วยขวาง,3990000,2014.0,18.0,1,1,38.8,440.0,7.0
รามคำแหง,2200000,2015.0,19.0,1,1,30.51,1710.0,7.0
บางจากภาษีเจริญ,2475000,2009.0,4.0,1,1,34.81,290.0,7.0
สุรศักดิ์,9500000,2016.0,11.0,1,1,46.78,420.0,10.0
จันทรเกษม,2400000,2014.0,4.0,1,1,33.0,600.0,3.0
อโศก,9000000,1996.0,28.0,1,1,80.0,370.0,5.0
สวนหลวง,2198000,1997.0,27.0,1,1,30.4,2120.0,10.0
จอมพล,2800000,2013.0,21.0,1,1,32.0,590.0,10.0
เสนานิคม,2250000,2011.0,8.0,1,1,34.0,690.0,7.0
บางบำหรุ,2680000,1997.0,11.0,1,1,45.9,160.0,10.0
สวนจตุจักร,4999999,2020.0,9.0,1,1,38.0,600.0,10.0
มักกะสัน,9900000,2012.0,7.0,2,2,66.0,160.0,5.0
ตลาดพลู,2550000,2013.0,12.0,1,1,33.0,310.0,7.0
บางจาก,3500000,2018.0,15.0,1,1,25.53,180.0,8.0
พร้อมพงษ์,3600000,2013.0,4.0,1,1,42.0,1380.0,2.0
ถนนเพชรบุรี,21480000,2021.0,27.0,2,2,69.0,350.0,6.0
ชิดลม,14900000,2009.0,6.0,2,2,79.0,510.0,6.0
พร้อมพงษ์,6500000,2009.0,9.0,1,1,50.0,330.0,7.0
ถนนจันทน์,3500000,2015.0,29.0,1,1,32.55,1780.0,5.0
ประดิพัทธ์,3100000,2013.0,21.0,1,1,30.12,720.0,7.0
บางนาเหนือ,2250000,2017.0,5.0,1,1,21.46,360.0,10.0
ราชพฤกษ์,2179000,2014.0,9.0,1,1,28.49,800.0,8.0
บางจาก,2300000,2014.0,4.0,1,1,30.45,670.0,6.0
บางหว้า,3290000,2020.0,14.0,1,1,35.0,110.0,10.0
ราชพฤกษ์,2179000,2014.0,9.0,1,1,28.49,800.0,8.0
เอกมัย,5400000,2013.0,11.0,1,1,28.6,290.0,10.0
ลาดพร้าว,2390000,2017.0,4.0,1,1,30.27,2280.0,10.0
บางแคเหนือ,2500000,2018.0,12.0,1,1,31.0,510.0,10.0
บางขุนศรี,2800000,2015.0,11.0,1,1,23.0,770.0,10.0
สะพานตากสิน,12900000,2012.0,12.0,2,2,78.0,450.0,6.0
ทองหล่อ,5500000,2017.0,4.0,1,1,40.35,1610.0,7.0
พร้อมพงษ์,8700000,2014.0,5.0,2,2,68.47,510.0,5.0
ทองหล่อ,13500000,2012.0,19.0,2,2,70.0,370.0,10.0
ลาซาล,3600000,2016.0,9.0,1,1,30.14,340.0,6.0
บุคคโล,3600000,2017.0,28.0,1,2,30.63,370.0,6.0
สำเหร่,3400000,2013.0,20.0,1,1,38.0,1520.0,10.0
พร้อมพงษ์,7990000,2020.0,8.0,2,2,85.0,1160.0,8.0
ถนนนราธิวาสราชนครินทร์,5800000,2014.0,21.0,1,1,38.0,650.0,10.0
มักกะสัน,5550000,2012.0,10.0,1,1,47.59,570.0,10.0
จอมพล,3260000,2019.0,14.0,1,1,32.5,650.0,10.0
สวนจตุจักร,3485000,2022.0,16.0,1,1,37.0,540.0,10.0
ทองหล่อ,7800000,2010.0,5.0,1,1,43.0,1550.0,8.0
คลองสาน,4850000,2021.0,20.0,1,1,34.29,1130.0,10.0
ทองหล่อ,15500000,2012.0,24.0,2,2,71.0,370.0,7.0
อโศก,14600000,2018.0,50.0,2,2,57.0,520.0,10.0
บางลำภูล่าง,20000000,2016.0,25.0,3,3,145.0,1170.0,10.0
พระราม 9,6390000,2015.0,17.0,1,1,43.0,510.0,9.0
จอมพล,4500000,2013.0,17.0,1,1,43.0,350.0,7.0
วัดท่าพระ,2100000,2022.0,8.0,1,1,28.0,640.0,10.0
รามคำแหง,3300000,2013.0,18.0,2,1,46.0,1570.0,4.0
อโศก,8400000,2017.0,21.0,1,1,31.0,70.0,8.0
เพลินจิต,23000000,2017.0,10.0,2,2,80.0,120.0,10.0
พระโขนงใต้,6000000,2013.0,9.0,1,1,45.0,200.0,7.0
ทองหล่อ,8000000,2018.0,5.0,2,2,58.07,800.0,10.0
วงศ์สว่าง,2250000,2016.0,12.0,1,1,26.0,140.0,5.0
ดาวคะนอง,5000000,2014.0,11.0,2,2,54.0,90.0,10.0
สามย่าน,6495000,2018.0,29.0,1,1,24.5,150.0,9.0
ห้วยขวาง,5190000,2019.0,5.0,2,1,46.28,1010.0,10.0
ประดิพัทธ์,7500000,2019.0,20.0,2,1,50.0,480.0,9.0
บางโคล่,3500000,2015.0,7.0,1,1,49.0,1940.0,6.0
รัชโยธิน,2790000,2011.0,17.0,1,1,28.5,160.0,10.0
มักกะสัน,4500000,2007.0,16.0,2,1,67.0,650.0,5.0
ดินแดง,2150000,2012.0,3.0,1,1,27.5,420.0,9.0
ลาซาล,2200000,2019.0,4.0,1,1,26.0,490.0,10.0
ทองหล่อ,15500000,2020.0,7.0,1,1,42.0,1050.0,10.0
จอมพล,4390000,2018.0,39.0,1,1,26.0,460.0,10.0
บางจาก,2890000,2019.0,3.0,1,1,29.5,660.0,6.0
ประชาชื่น,2100000,2016.0,12.0,1,1,30.4,1470.0,8.0
สุขุมวิท,5700000,2012.0,3.0,1,1,35.0,120.0,5.0
จอมพล,4500000,2010.0,18.0,1,1,47.0,440.0,8.0
สุขุมวิท,7388700,2014.0,8.0,2,2,67.17,1280.0,9.0
สามเสนนอก,5200000,2011.0,7.0,1,1,45.0,170.0,7.0
สุขุมวิท,6400000,2012.0,4.0,1,1,42.95,80.0,6.0
วงศ์สว่าง,2450000,2010.0,6.0,1,1,35.74,750.0,10.0
สวนหลวง,2100000,2013.0,23.0,1,1,29.5,380.0,10.0
สามย่าน,6300000,2016.0,28.0,1,1,33.27,420.0,7.0
สุขุมวิท,68000000,2007.0,8.0,4,5,450.0,660.0,6.0
พระราม 4,20190000,2022.0,31.0,3,3,106.0,300.0,10.0
สุรศักดิ์,6500000,2013.0,12.0,1,1,35.0,220.0,7.0
สีลม,14000000,2010.0,12.0,1,1,61.0,420.0,7.0
เอกมัย,11800000,2011.0,27.0,1,1,63.0,260.0,10.0
สุขุมวิท,6500000,2010.0,12.0,1,1,65.0,260.0,7.0
รามคำแหง,5900000,2019.0,12.0,2,2,49.96,950.0,10.0
จอมพล,2790000,2012.0,4.0,2,1,58.14,1020.0,4.0
บางจากภาษีเจริญ,4250000,2014.0,17.0,1,1,30.0,210.0,10.0
กรุงธนบุรี,6390000,2010.0,12.0,1,1,53.0,190.0,10.0
เอกมัย,9800000,2013.0,16.0,1,1,46.0,930.0,10.0
สุขุมวิท,8300000,2013.0,9.0,2,2,65.5,1270.0,9.0
สวนหลวง,2350000,2014.0,2.0,1,1,33.0,1710.0,5.0
ทองหล่อ,12000000,1995.0,17.0,2,1,93.0,1400.0,4.0
ห้วยขวาง,3290000,2014.0,18.0,1,1,31.0,440.0,7.0
พร้อมพงษ์,8763000,2009.0,7.0,1,1,50.0,750.0,11.0
จอมพล,3180000,2015.0,20.0,1,1,32.5,450.0,7.0
บางจาก,3350000,2018.0,7.0,1,1,28.28,370.0,10.0
สามเสนใน,2750000,2012.0,5.0,1,1,28.72,360.0,6.0
บางจาก,2650000,2011.0,7.0,1,1,35.0,180.0,4.0
พร้อมพงษ์,10500000,2012.0,8.0,1,1,50.0,270.0,6.0
สุขุมวิท,6900000,2013.0,24.0,1,1,59.0,380.0,9.0
เพลินจิต,26500000,2017.0,23.0,2,2,90.0,120.0,10.0
เอกมัย,6000000,2010.0,6.0,1,2,61.48,350.0,7.0
บางจาก,2100000,2014.0,8.0,1,1,30.0,590.0,10.0
เพลินจิต,6180000,2020.0,10.0,1,1,35.0,540.0,10.0
วัดท่าพระ,6500000,2018.0,18.0,2,2,63.0,200.0,8.0
พร้อมพงษ์,6800000,2014.0,17.0,1,1,35.78,250.0,6.0
สวนหลวง,2990000,2016.0,10.0,1,1,30.0,720.0,8.0
ประดิพัทธ์,5300000,2012.0,39.0,1,1,45.45,720.0,7.0
สุขุมวิท,8300000,2015.0,41.0,1,1,53.0,250.0,7.0
บางจาก,4000000,2014.0,6.0,2,1,45.0,760.0,10.0
รามคำแหง,2990000,2021.0,7.0,1,1,29.0,1080.0,10.0
มักกะสัน,11000000,2007.0,29.0,2,2,112.0,650.0,5.0
บางกะปิ,21500000,2013.0,8.0,2,2,187.0,2320.0,8.0
วงศ์สว่าง,3990000,2016.0,25.0,2,1,45.0,140.0,5.0
บ้านช่างหล่อ,3900000,2014.0,10.0,1,1,38.08,900.0,8.0
พระราม 9,6800000,2017.0,15.0,1,1,40.0,450.0,8.0
พระโขนงใต้,3960258,2018.0,4.0,1,1,29.0,400.0,8.0
ทุ่งมหาเมฆ,12000000,2016.0,16.0,2,2,96.0,910.0,10.0
บางนาเหนือ,3400000,2010.0,18.0,1,1,30.5,100.0,10.0
ลุมพินี,9500000,2008.0,20.0,1,2,87.0,220.0,4.0
บางซ่อน,2200000,2017.0,7.0,1,1,31.27,430.0,8.0
เพลินจิต,9800000,2013.0,2.0,1,1,58.0,690.0,5.0
หัวหมาก,6500000,2019.0,18.0,2,1,50.0,770.0,8.0
จอมพล,3100000,2019.0,18.0,1,1,32.5,650.0,7.0
บางค้อ,3500000,2015.0,14.0,2,1,44.0,530.0,8.0
โชคชัย 4,2050000,2018.0,7.0,1,1,25.29,2320.0,10.0
พญาไท,6200000,2015.0,27.0,1,1,44.0,380.0,7.0
สุขุมวิท,21500000,2006.0,27.0,3,3,132.0,380.0,10.0
พร้อมพงษ์,20000000,2009.0,8.0,2,3,128.0,780.0,10.0
มักกะสัน,6500000,2013.0,26.0,1,1,52.0,260.0,10.0
ห้วยขวาง,2350000,2011.0,8.0,1,1,32.18,980.0,8.0
บางแคเหนือ,2450000,2015.0,8.0,1,1,32.0,80.0,5.0
สวนหลวง,2250000,2013.0,9.0,1,1,30.31,890.0,5.0
ดินแดง,2290000,2015.0,6.0,1,1,26.69,430.0,7.0
สามเสนนอก,2500000,2014.0,8.0,1,1,35.0,1200.0,8.0
พระโขนงใต้,3200000,2019.0,2.0,1,1,25.7,950.0,10.0
ดินแดง,7900000,2006.0,5.0,2,2,86.0,270.0,9.0
สุขุมวิท,5555555,2017.0,12.0,1,1,35.49,1160.0,10.0
บางกะปิ,4150000,2019.0,18.0,1,1,42.0,1780.0,10.0
สามเสนนอก,2100000,2013.0,8.0,1,1,29.0,900.0,9.0
พร้อมพงษ์,3000000,2017.0,4.0,1,1,24.0,400.0,7.0
เจริญผล,11715000,2011.0,7.0,2,2,70.0,180.0,7.0
วัดท่าพระ,2690000,2016.0,5.0,1,1,31.8,430.0,10.0
อารีย์,3899000,2016.0,8.0,1,1,35.7,440.0,8.0
ราชเทวี,7000000,2010.0,7.0,1,1,49.0,130.0,9.0
สามเสนใน,3300000,2018.0,5.0,1,1,34.0,1080.0,6.0
จอมพล,3650000,2013.0,20.0,1,1,38.0,350.0,10.0
ราชพฤกษ์,2288000,2013.0,8.0,1,1,37.0,30.0,10.0
สวนหลวง,2100000,2014.0,5.0,1,1,32.0,1710.0,7.0
สีลม,12247500,2013.0,10.0,2,2,66.0,430.0,9.0
พร้อมพงษ์,8900000,2014.0,6.0,2,2,66.0,410.0,5.0
วงศ์สว่าง,2049000,2015.0,20.0,1,1,30.0,200.0,6.0
รัชโยธิน,4800000,2014.0,8.0,1,2,46.0,290.0,2.0
จอมพล,6695000,2021.0,35.0,1,1,28.8,180.0,10.0
สวนจตุจักร,2590000,2012.0,3.0,1,1,32.0,740.0,4.0
สุขุมวิท,5950000,2016.0,9.0,1,1,35.0,220.0,8.0
สามเสนนอก,2100000,2019.0,3.0,1,1,27.0,1310.0,6.0
พร้อมพงษ์,3350000,1994.0,12.0,1,1,49.5,1260.0,5.0
สีลม,10300000,2011.0,3.0,2,1,60.0,350.0,6.0
ทองหล่อ,6590000,2017.0,7.0,1,1,33.3,350.0,10.0
เสนานิคม,3200000,2014.0,4.0,2,1,52.0,790.0,7.0
บางอ้อ,2629000,2014.0,14.0,1,1,30.0,260.0,8.0
ถนนจันทน์,2200000,2015.0,9.0,1,1,26.0,1780.0,5.0
ทุ่งวัดดอน,13200000,2016.0,23.0,2,2,67.0,1460.0,8.0
จรัญสนิทวงศ์,2590000,2020.0,11.0,1,1,26.0,260.0,10.0
เพชรรามา,7000000,2014.0,14.0,1,1,34.0,360.0,12.0
พระราม 9,4378000,2016.0,11.0,1,1,33.0,450.0,12.0
ตลาดพลู,3150000,2021.0,19.0,1,1,31.05,250.0,10.0
สามเสนนอก,2190000,2013.0,4.0,1,1,30.34,900.0,6.0
ลาดพร้าว,3000000,2017.0,8.0,1,1,34.4,2160.0,7.0
พร้อมพงษ์,18000000,1996.0,8.0,3,4,263.0,460.0,4.0
สามเสนนอก,2200000,2013.0,4.0,1,1,30.0,900.0,5.0
จอมพล,6990000,2018.0,17.0,1,1,33.59,460.0,10.0
สุขุมวิท,7500000,2014.0,8.0,2,2,51.93,400.0,8.0
สุขุมวิท,44840000,2004.0,13.0,3,4,236.0,400.0,7.0
ราชพฤกษ์,4890000,2018.0,35.0,1,1,32.48,170.0,9.0
ตลาดพลู,6500000,2019.0,50.0,3,2,63.0,470.0,6.0
บางกะปิ,7400000,2015.0,8.0,2,2,59.0,1410.0,4.0
ปากคลองภาษีเจริญ,2490000,2015.0,8.0,1,1,29.84,190.0,6.0
โชคชัย 4,2990000,2018.0,7.0,2,1,37.89,2320.0,10.0
บุคคโล,2800000,2015.0,27.0,1,1,21.0,470.0,10.0
ลาดพร้าว,2100000,2016.0,8.0,1,1,26.0,2200.0,10.0
แยกบางโพ,2500000,2014.0,39.0,1,1,30.0,480.0,12.0
พร้อมพงษ์,2650000,2011.0,5.0,1,1,28.0,300.0,7.0
นานา,21000000,2007.0,20.0,3,3,185.0,660.0,6.0
เพลินจิต,15450000,2017.0,35.0,1,1,52.0,120.0,10.0
บางค้อ,3000000,2015.0,19.0,1,1,33.0,130.0,9.0
สามเสนใน,2500000,2005.0,14.0,1,1,30.0,590.0,8.0
วงศ์สว่าง,4100000,2015.0,21.0,2,2,50.0,200.0,6.0
บางจาก,2950000,2013.0,3.0,1,1,47.0,730.0,8.0
จอมพล,4690000,2020.0,5.0,2,2,59.0,880.0,8.0
คลองสาน,3999000,2021.0,18.0,1,1,34.5,1130.0,10.0
จอมพล,28000000,2014.0,41.0,3,3,178.0,500.0,10.0
ห้วยขวาง,5100000,2012.0,4.0,2,2,85.0,290.0,3.0
ห้วยขวาง,3750000,2016.0,9.0,1,1,27.0,140.0,6.0
สวนหลวง,2200000,2014.0,7.0,1,1,33.0,1710.0,7.0
วงศ์สว่าง,2490000,2015.0,20.0,1,1,30.2,200.0,6.0
บางหว้า,2200000,2013.0,3.0,1,1,25.12,50.0,9.0
ตลาดพลู,5400000,2022.0,16.0,2,2,57.5,400.0,10.0
บางกะปิ,3800000,2017.0,17.0,1,1,35.0,1820.0,10.0
วัดท่าพระ,2700000,2018.0,10.0,1,1,27.4,200.0,8.0
สวนจตุจักร,4000000,2012.0,25.0,1,1,62.0,790.0,10.0
ห้วยขวาง,3650000,2010.0,15.0,1,1,37.0,660.0,10.0
วงศ์สว่าง,4600000,2018.0,3.0,2,1,49.0,130.0,10.0
จอมพล,4390000,2020.0,41.0,1,1,29.0,100.0,10.0
พร้อมพงษ์,4800000,2009.0,8.0,1,1,34.0,590.0,10.0
เสนานิคม,9400000,2010.0,26.0,3,3,143.99,460.0,10.0
เตาปูน,3390000,2020.0,35.0,1,1,28.0,120.0,10.0
พร้อมพงษ์,7000000,1999.0,39.0,2,1,62.0,570.0,7.0
อโศก,12800000,2018.0,28.0,1,1,45.0,520.0,10.0
ลาดยาว,5600000,2014.0,9.0,2,1,46.0,510.0,9.0
บางซ่อน,3000000,2017.0,12.0,1,1,44.0,430.0,8.0
พร้อมพงษ์,7000000,1999.0,39.0,2,1,62.0,570.0,7.0
สุขุมวิท,5000000,2009.0,4.0,1,1,46.0,300.0,8.0
ทองหล่อ,5450000,2018.0,8.0,1,1,29.0,790.0,10.0
พร้อมพงษ์,6990000,2013.0,5.0,1,1,32.0,200.0,7.0
จันทรเกษม,2500000,2012.0,2.0,2,1,60.0,1090.0,6.0
ดินแดง,4520000,2015.0,27.0,1,1,34.81,440.0,6.0
พร้อมพงษ์,16715250,2007.0,18.0,2,2,95.0,290.0,5.0
ทุ่งมหาเมฆ,46000000,2012.0,12.0,2,2,134.33,680.0,10.0
สุขุมวิท,13500000,2018.0,6.0,2,2,62.0,440.0,7.0
ทองหล่อ,6798000,2017.0,8.0,1,1,33.0,190.0,10.0
พร้อมพงษ์,13900000,2014.0,16.0,2,2,72.0,530.0,10.0
สีลม,6400000,2013.0,4.0,1,1,40.0,290.0,9.0
พร้อมพงษ์,12900000,2009.0,8.0,2,2,126.0,680.0,7.0
สวนหลวง,2700000,2018.0,31.0,1,1,26.0,330.0,10.0
ทุ่งมหาเมฆ,6000000,2013.0,11.0,1,1,46.46,940.0,10.0
ทองหล่อ,17040000,2005.0,16.0,2,2,92.0,1020.0,7.0
บางจาก,2580000,2019.0,5.0,1,1,29.0,660.0,6.0
บางบำหรุ,3000000,1997.0,16.0,2,1,48.0,300.0,10.0
สุขุมวิท,3350000,2013.0,4.0,1,1,35.0,400.0,8.0
สุขุมวิท,13260000,2013.0,8.0,2,1,102.0,540.0,3.0
พร้อมพงษ์,5400000,2009.0,4.0,1,1,37.0,590.0,9.0
จอมพล,3250000,2014.0,6.0,1,1,28.73,320.0,7.0
บางหว้า,5150000,2010.0,35.0,2,1,70.0,200.0,6.0
ตลาดพลู,2201065,2022.0,10.0,1,1,29.85,120.0,5.0
จอมพล,3000000,2014.0,5.0,1,1,30.0,320.0,7.0
บางหว้า,2570000,2020.0,9.0,1,1,45.0,250.0,10.0
สุขุมวิท,18500000,1994.0,27.0,3,3,198.0,1280.0,2.0
สุขุมวิท,5290000,2012.0,4.0,1,1,43.0,590.0,4.0
สุขุมวิท,7200000,2020.0,6.0,1,1,41.5,320.0,6.0
กล้วยน้ำไท,2200000,2011.0,4.0,1,1,28.0,780.0,8.0
จอมพล,4850000,2015.0,14.0,1,1,32.14,450.0,7.0
บางกะปิ,11476500,2019.0,8.0,3,2,100.0,990.0,10.0
บางซ่อน,4490000,2015.0,26.0,2,1,50.0,280.0,9.0
สุขุมวิท,14000000,2019.0,4.0,2,2,64.0,1290.0,9.0
ห้วยขวาง,5213333,2020.0,4.0,2,1,41.0,980.0,8.0
พร้อมพงษ์,5300000,2014.0,4.0,1,1,35.0,410.0,7.0
พร้อมพงษ์,18500000,2018.0,24.0,1,1,57.57,370.0,10.0
สุขุมวิท,3600000,2008.0,7.0,1,1,32.0,1130.0,6.0
จอมพล,4200000,2013.0,24.0,1,1,40.11,950.0,11.0
พร้อมพงษ์,8000000,2016.0,4.0,1,1,54.0,580.0,9.0
อโศก,8800000,2014.0,19.0,2,2,85.0,540.0,8.0
บุคคโล,3200000,2015.0,22.0,1,1,31.0,470.0,10.0
พระโขนงใต้,5270737,2014.0,8.0,2,1,46.0,920.0,2.0
พร้อมพงษ์,31280000,2014.0,16.0,3,4,184.0,530.0,10.0
บางกะปิ,3195000,2015.0,4.0,1,1,42.0,1150.0,10.0
จันทรเกษม,2750000,2011.0,4.0,1,1,39.05,820.0,6.0
พระโขนงเหนือ,6000000,2016.0,3.0,1,1,48.0,970.0,7.0
พระราม 4,3800000,2012.0,20.0,1,1,28.0,820.0,10.0
พร้อมพงษ์,19500000,2013.0,14.0,2,2,82.03,190.0,7.0
พร้อมพงษ์,13000000,2020.0,8.0,2,2,93.1,1160.0,8.0
สวนหลวง,2200000,2014.0,7.0,1,1,33.0,1710.0,5.0
บางหว้า,4755000,2020.0,24.0,2,2,72.0,250.0,10.0
อโศก,6900000,2018.0,23.0,1,1,32.0,360.0,10.0
แยกบางโพ,7000000,2017.0,21.0,1,1,46.0,180.0,7.0
บางนาเหนือ,2090000,2015.0,4.0,1,1,22.0,610.0,9.0
บุคคโล,4100000,2010.0,16.0,2,2,65.0,530.0,4.0
สุขุมวิท,11584000,2021.0,25.0,2,1,45.0,1070.0,10.0
พร้อมพงษ์,15000000,2013.0,8.0,2,2,76.0,190.0,9.0
บางนาเหนือ,3500000,2010.0,11.0,1,1,35.0,100.0,9.0
ทองหล่อ,4060000,2018.0,8.0,1,1,29.0,100.0,10.0
จอมพล,25500000,2014.0,8.0,3,4,202.0,500.0,10.0
พระโขนงใต้,4100000,2010.0,16.0,1,1,34.0,370.0,8.0
พร้อมพงษ์,14500000,1994.0,18.0,3,3,223.0,630.0,8.0
จอมพล,4200000,2014.0,4.0,2,1,50.0,830.0,4.0
สุรวงศ์,16500000,2016.0,24.0,2,2,71.0,400.0,10.0
พร้อมพงษ์,11800000,2012.0,7.0,1,1,74.0,700.0,8.0
พระโขนงเหนือ,3580000,2020.0,18.0,1,1,24.0,530.0,10.0
สุขุมวิท,4950000,2007.0,17.0,1,1,56.0,420.0,8.0
สุขุมวิท,5600000,2017.0,11.0,1,1,30.0,1160.0,10.0
บางกะปิ,12000000,2017.0,17.0,3,3,96.0,1820.0,9.0
พร้อมพงษ์,8300000,1994.0,13.0,2,2,98.0,1260.0,5.0
ทุ่งมหาเมฆ,17500000,2013.0,8.0,2,2,113.0,1600.0,3.0
ลาดยาว,2990000,2016.0,15.0,1,1,30.5,1590.0,9.0
บางกะปิ,6490000,2019.0,22.0,1,2,65.5,1780.0,10.0
สุขุมวิท,9500000,2011.0,19.0,2,2,80.0,220.0,10.0
มักกะสัน,6050000,2012.0,22.0,1,1,47.0,570.0,10.0
ยานนาวา,5400000,2015.0,21.0,1,1,35.0,330.0,10.0
พระโขนงใต้,5940000,2014.0,15.0,2,2,53.0,520.0,8.0
มักกะสัน,6900000,2013.0,17.0,1,1,58.0,540.0,7.0
พระราม 9,14900000,2015.0,22.0,3,2,99.0,510.0,9.0
จอมพล,3980000,2010.0,18.0,1,1,39.0,440.0,9.0
มักกะสัน,6050000,2012.0,22.0,1,1,47.0,570.0,10.0
สุขุมวิท,10500000,2012.0,4.0,2,2,65.0,480.0,9.0
ชิดลม,16500000,2017.0,20.0,1,1,44.0,310.0,8.0
มักกะสัน,13000000,2015.0,14.0,2,2,63.5,560.0,7.0
จอมพล,3300000,2013.0,4.0,1,1,38.0,350.0,7.0
ทองหล่อ,33900000,2019.0,15.0,2,2,125.0,1600.0,10.0
พร้อมพงษ์,11000000,2012.0,7.0,1,1,74.0,700.0,10.0
สุขุมวิท,5500000,2014.0,4.0,1,1,40.0,320.0,5.0
บางกะปิ,3000000,2015.0,14.0,1,1,38.0,1150.0,10.0
ลาดยาว,4590000,2019.0,5.0,1,1,31.52,1730.0,10.0
ดินแดง,2950000,2013.0,27.0,1,1,31.0,1110.0,7.0
บางกะปิ,4200000,2009.0,18.0,1,1,35.0,330.0,4.0
พร้อมพงษ์,8100000,1997.0,12.0,1,1,85.0,320.0,5.0
พร้อมพงษ์,10500000,2013.0,10.0,1,1,42.0,200.0,6.0
ทองหล่อ,4600000,2017.0,12.0,1,1,24.0,350.0,10.0
พระโขนงใต้,5090000,2020.0,13.0,1,1,40.0,380.0,10.0
บางจากภาษีเจริญ,3110000,2009.0,8.0,1,1,41.82,430.0,8.0
บางขุนศรี,2700000,2015.0,16.0,1,1,22.65,770.0,10.0
ลาดยาว,4590000,2019.0,5.0,1,1,31.52,1730.0,10.0
สุรศักดิ์,5700000,2014.0,15.0,2,1,53.0,90.0,2.0
พร้อมพงษ์,9000000,2009.0,14.0,1,1,52.0,600.0,10.0
สุขุมวิท,19000000,2014.0,8.0,2,2,84.0,380.0,8.0
อโศก,11000000,2018.0,28.0,1,1,47.0,520.0,10.0
พระโขนงใต้,4950000,2014.0,3.0,2,2,54.0,520.0,6.0
แบริ่ง,2700000,2021.0,7.0,1,1,30.48,30.0,5.0
สุขุมวิท,7690000,2015.0,37.0,1,1,52.0,1200.0,7.0
พระราม 9,6900000,2018.0,28.0,1,1,35.0,330.0,10.0
พร้อมพงษ์,8500000,2009.0,21.0,1,1,48.0,750.0,10.0
พร้อมพงษ์,27500000,2014.0,4.0,3,3,272.0,940.0,3.0
บางจาก,9000000,2014.0,6.0,3,2,75.0,460.0,2.0
วงเวียนใหญ่,6300000,2014.0,9.0,1,1,47.91,70.0,10.0
ทองหล่อ,4250000,2017.0,16.0,1,1,24.0,350.0,10.0
บางจาก,7250000,2018.0,12.0,2,2,52.0,180.0,8.0
สามย่าน,7800000,2018.0,17.0,1,1,33.71,150.0,5.0
บางจากภาษีเจริญ,3300000,2009.0,4.0,1,1,34.0,240.0,6.0
พร้อมพงษ์,13100000,2009.0,27.0,1,1,67.0,780.0,6.0
พร้อมพงษ์,8800000,2010.0,18.0,1,1,58.0,500.0,6.0
ทองหล่อ,4500000,2010.0,10.0,1,1,35.0,1650.0,6.0
สวนหลวง,2000000,2019.0,7.0,1,1,23.0,340.0,10.0
ทองหล่อ,13999000,2009.0,17.0,2,2,69.0,260.0,10.0
พร้อมพงษ์,17100000,2009.0,21.0,2,3,108.0,750.0,10.0
สวนจตุจักร,4350000,2019.0,8.0,2,2,48.62,760.0,7.0
บางกะปิ,7000000,2015.0,43.0,1,1,68.0,1210.0,9.0
บางนาเหนือ,7500000,1993.0,8.0,3,2,90.0,820.0,10.0
พร้อมพงษ์,13000000,2018.0,16.0,2,1,43.42,370.0,7.0
มักกะสัน,7500000,2013.0,21.0,1,1,49.0,260.0,10.0
ทองหล่อ,5000000,2008.0,8.0,1,1,45.0,1350.0,8.0
ประดิพัทธ์,5616000,2013.0,12.0,1,1,42.61,290.0,7.0
พร้อมพงษ์,13000000,2018.0,16.0,2,1,43.42,370.0,7.0
มักกะสัน,5300000,2012.0,22.0,1,1,48.0,570.0,10.0
พร้อมพงษ์,15000000,1993.0,12.0,2,2,143.0,540.0,7.0
เสนานิคม,2300000,2010.0,11.0,1,1,35.0,460.0,9.0
บ้านช่างหล่อ,3000000,2014.0,3.0,1,1,30.0,900.0,10.0
ราชพฤกษ์,2390000,2017.0,3.0,1,1,30.42,570.0,8.0
เอกมัย,15500000,2011.0,23.0,2,2,88.52,260.0,6.0
พร้อมพงษ์,7200000,2010.0,18.0,1,1,52.0,500.0,6.0
บางโคล่,5100000,2017.0,7.0,2,2,57.0,1990.0,9.0
ราชพฤกษ์,5350000,2015.0,7.0,2,2,63.0,460.0,8.0
พร้อมพงษ์,10900000,2012.0,15.0,1,1,56.0,270.0,6.0
จันทรเกษม,3500000,2009.0,16.0,1,1,41.0,710.0,6.0
พญาไท,7990000,2018.0,24.0,1,1,35.0,190.0,6.0
พร้อมพงษ์,7500000,2009.0,16.0,1,1,51.45,330.0,7.0
เสนานิคม,2650000,2016.0,6.0,1,1,37.51,710.0,8.0
ทองหล่อ,9000000,2008.0,8.0,2,2,70.0,1340.0,8.0
สุขุมวิท,6400000,2017.0,11.0,1,1,35.0,1160.0,10.0
สุขุมวิท,16500000,2014.0,14.0,2,2,83.0,180.0,10.0
พระโขนงใต้,3900000,2012.0,7.0,1,1,45.0,290.0,6.0
ตลาดพลู,3650000,2022.0,19.0,1,1,39.0,400.0,10.0
พระราม 9,2500000,2014.0,4.0,1,1,25.25,390.0,6.0
ทองหล่อ,14000000,2014.0,21.0,1,1,56.0,680.0,10.0
แบริ่ง,2600000,2021.0,8.0,1,1,30.0,460.0,8.0
ดินแดง,2300000,2013.0,22.0,1,1,27.0,1110.0,7.0
บางจาก,2100000,2015.0,13.0,1,1,30.4,270.0,7.0
พร้อมพงษ์,29848000,2020.0,4.0,2,1,100.0,400.0,9.0
ลาซาล,2290000,2019.0,5.0,1,1,26.0,490.0,10.0
ห้วยขวาง,6600000,2018.0,18.0,1,1,36.0,20.0,9.0
เอกมัย,16500000,2018.0,16.0,2,2,71.0,330.0,10.0
เพลินจิต,12900000,2017.0,26.0,1,1,44.0,120.0,10.0
สุขุมวิท,5400000,2012.0,4.0,1,1,43.0,590.0,6.0
ห้วยขวาง,3900000,2011.0,14.0,1,1,35.0,80.0,6.0
คลองต้นไทร,22000000,2013.0,20.0,3,4,164.0,460.0,7.0
บางจาก,2740000,2019.0,6.0,1,1,29.0,660.0,8.0
ราชพฤกษ์,2900000,2017.0,12.0,1,1,30.0,570.0,8.0
บางนาเหนือ,5200000,2017.0,8.0,2,2,53.0,540.0,8.0
สุขุมวิท,5500000,2016.0,6.0,1,1,35.3,220.0,9.0
พร้อมพงษ์,8200000,2009.0,21.0,1,1,48.0,750.0,10.0
บางนาเหนือ,3750000,2010.0,11.0,1,1,36.0,100.0,9.0
พร้อมพงษ์,10900000,2013.0,18.0,1,1,43.0,200.0,8.0
พร้อมพงษ์,10700000,2007.0,17.0,1,1,60.0,530.0,9.0
พร้อมพงษ์,8600000,2016.0,4.0,1,1,45.0,580.0,9.0
เอกมัย,13850000,2018.0,16.0,2,2,70.0,330.0,10.0
พร้อมพงษ์,30000000,2007.0,16.0,3,3,150.0,290.0,7.0
ทองหล่อ,8500000,2010.0,12.0,1,1,44.0,1550.0,9.0
หัวหมาก,2200000,2014.0,23.0,1,1,26.0,820.0,7.0
ทุ่งมหาเมฆ,18150000,2009.0,8.0,2,2,93.0,540.0,10.0
พร้อมพงษ์,14800000,2014.0,23.0,2,2,65.0,650.0,10.0
พร้อมพงษ์,18000000,2009.0,8.0,3,2,160.0,490.0,6.0
สุขุมวิท,6200000,2014.0,8.0,1,1,31.0,190.0,8.0
เพลินจิต,6750000,2020.0,22.0,1,1,35.0,540.0,8.0
พร้อมพงษ์,8990000,2013.0,18.0,1,1,43.0,200.0,8.0
นานา,23500000,2007.0,14.0,3,3,165.0,660.0,8.0
พร้อมพงษ์,11500000,2012.0,6.0,1,1,70.0,700.0,5.0
มักกะสัน,10250000,2013.0,36.0,2,2,85.9,260.0,10.0
พร้อมพงษ์,15000000,2018.0,26.0,2,2,57.1,660.0,9.0
ทองหล่อ,16400000,2009.0,7.0,2,1,140.0,1500.0,6.0
จอมพล,7900000,2020.0,21.0,2,1,51.5,100.0,10.0
ราชพฤกษ์,2500000,2013.0,19.0,1,1,35.06,500.0,9.0
พระโขนงเหนือ,4519100,2020.0,24.0,1,1,26.5,530.0,10.0
อนุสาวรีย์ชัยสมรภูมิ,10720000,2019.0,16.0,2,2,58.0,490.0,8.0
ทองหล่อ,9500000,2009.0,17.0,1,1,51.0,260.0,10.0
ทองหล่อ,16300000,2017.0,8.0,2,2,78.0,290.0,10.0
พร้อมพงษ์,11800000,2014.0,11.0,2,2,59.0,530.0,9.0
พร้อมพงษ์,12000000,2018.0,5.0,2,1,60.0,660.0,9.0
วงศ์สว่าง,4590000,2010.0,11.0,2,2,65.0,750.0,8.0
สวนหลวง,2300000,2015.0,13.0,1,1,26.6,370.0,7.0
พร้อมพงษ์,7500000,2014.0,23.0,1,1,31.0,650.0,10.0
บางลำภูล่าง,20500000,2014.0,19.0,3,3,167.0,950.0,7.0
บุคคโล,2900000,2017.0,26.0,1,1,30.62,370.0,6.0
พร้อมพงษ์,4800000,2018.0,8.0,1,1,28.0,460.0,9.0
ทองหล่อ,15000000,2010.0,5.0,1,1,85.0,1650.0,5.0
สวนหลวง,2300000,1994.0,6.0,1,1,82.0,2330.0,6.0
วงศ์สว่าง,2500000,2016.0,25.0,1,1,26.12,140.0,5.0
สุขุมวิท,8730000,2020.0,9.0,2,1,50.76,290.0,6.0
พร้อมพงษ์,12050000,2011.0,11.0,1,1,56.57,530.0,10.0
พร้อมพงษ์,9202000,2013.0,18.0,1,1,35.0,200.0,8.0
พร้อมพงษ์,18500000,2009.0,27.0,2,3,128.0,780.0,6.0
พร้อมพงษ์,12200000,2017.0,11.0,1,1,54.0,530.0,10.0
พร้อมพงษ์,25500000,1993.0,12.0,3,3,290.0,540.0,7.0
สุขุมวิท,8400000,2018.0,8.0,1,1,35.0,440.0,7.0
พร้อมพงษ์,12200000,2017.0,11.0,1,1,54.0,530.0,10.0
พร้อมพงษ์,17100000,2017.0,11.0,2,2,100.0,530.0,10.0
เพชรรามา,6500000,2015.0,31.0,1,1,29.5,260.0,5.0
บุคคโล,2350000,2015.0,27.0,1,1,22.5,470.0,10.0
บุคคโล,2350000,2015.0,27.0,1,1,22.5,470.0,10.0
ประดิพัทธ์,7200000,2008.0,10.0,2,2,65.43,540.0,8.0
ประชาชื่น,2490000,2014.0,19.0,1,1,30.0,770.0,8.0
ทองหล่อ,15450000,2019.0,4.0,2,2,59.0,740.0,10.0
พร้อมพงษ์,9600000,2017.0,11.0,2,2,47.0,530.0,10.0
ถนนนราธิวาสราชนครินทร์,3700000,2019.0,21.0,1,1,24.75,870.0,9.0
พระราม 9,5700000,2016.0,10.0,1,1,41.5,380.0,10.0
พร้อมพงษ์,12500000,2009.0,27.0,1,1,65.0,780.0,6.0
พระโขนงใต้,10787742,2019.0,20.0,2,2,57.0,450.0,9.0
พร้อมพงษ์,5700000,2012.0,3.0,1,1,49.0,1060.0,5.0
จอมพล,6800000,2018.0,8.0,1,1,35.0,460.0,10.0
ทองหล่อ,12500000,2013.0,5.0,2,2,90.0,140.0,6.0
พร้อมพงษ์,3600000,2014.0,4.0,1,1,37.49,350.0,5.0
หลังสวน,23000000,2010.0,16.0,2,2,92.0,350.0,9.0
อโศก,7900000,2017.0,25.0,1,1,32.0,70.0,10.0
สุขุมวิท,6400000,2019.0,4.0,1,1,35.0,460.0,3.0
พร้อมพงษ์,37000000,2012.0,8.0,3,3,189.0,700.0,5.0
จอมพล,2990000,2017.0,8.0,1,1,28.0,880.0,10.0
บางกะปิ,14500000,2014.0,19.0,2,2,85.0,230.0,7.0
พร้อมพงษ์,11500000,2012.0,8.0,1,1,56.0,270.0,8.0
สุขุมวิท,13000000,2013.0,8.0,2,2,107.0,480.0,3.0
พร้อมพงษ์,11500000,2011.0,14.0,1,1,56.0,530.0,8.0
เสนานิคม,2970000,2019.0,1.0,1,1,34.5,690.0,7.0
พระโขนงใต้,3900000,2009.0,3.0,1,1,49.0,300.0,6.0
ห้วยขวาง,4100000,2019.0,5.0,1,1,30.0,1010.0,10.0
พร้อมพงษ์,9859000,2017.0,11.0,2,1,47.0,530.0,10.0
พร้อมพงษ์,25500000,2012.0,16.0,2,2,97.0,400.0,8.0
ยานนาวา,5300000,2014.0,10.0,1,1,34.1,580.0,5.0
พร้อมพงษ์,27000000,2010.0,18.0,3,3,137.0,500.0,4.0
พร้อมพงษ์,20000000,2019.0,11.0,2,2,74.0,100.0,10.0
พร้อมพงษ์,9859000,2017.0,11.0,2,1,47.0,530.0,10.0
พญาไท,6430000,2021.0,8.0,1,1,25.4,320.0,10.0
มักกะสัน,7500000,2015.0,16.0,1,1,47.0,560.0,7.0
สีลม,6000000,2013.0,4.0,1,1,40.64,290.0,7.0
บางค้อ,2000000,2016.0,11.0,1,1,26.0,490.0,10.0
พระโขนงใต้,2300000,2012.0,4.0,1,1,31.47,290.0,7.0
ปิ่นเกล้า,2173000,2018.0,6.0,1,1,26.0,600.0,10.0
ลาดพร้าว,2050000,2016.0,8.0,1,1,25.97,2200.0,10.0
บางกะปิ,6800000,2017.0,7.0,2,2,59.0,1820.0,7.0
สะพานสอง,2100000,2010.0,15.0,1,1,28.0,2050.0,10.0
เพชรรามา,5900000,2014.0,18.0,1,1,34.0,360.0,9.0
สะพานสอง,2100000,2010.0,15.0,1,1,28.0,2050.0,10.0
สวนหลวง,5590000,2019.0,31.0,2,2,56.0,260.0,9.0
สุขุมวิท,7690000,2015.0,37.0,1,1,52.0,250.0,7.0
พร้อมพงษ์,14000000,2014.0,23.0,2,2,54.0,650.0,10.0
ทองหล่อ,25300000,2009.0,17.0,3,3,100.0,260.0,8.0
บางซ่อน,2100000,2017.0,23.0,1,1,32.0,430.0,8.0
ทองหล่อ,4200000,2009.0,18.0,1,1,40.0,350.0,5.0
พระโขนงเหนือ,2912000,2015.0,18.0,1,1,25.8,820.0,8.0
ดินแดง,4750000,2014.0,4.0,1,1,40.36,260.0,5.0
พร้อมพงษ์,23000000,2009.0,21.0,2,3,132.0,750.0,10.0
พร้อมพงษ์,15015000,2019.0,17.0,2,2,76.0,100.0,10.0
อโศก,6900000,2018.0,26.0,1,1,35.61,360.0,8.0
วัดท่าพระ,2750000,2018.0,9.0,1,1,28.0,200.0,8.0
พร้อมพงษ์,4000000,2014.0,3.0,1,1,36.0,510.0,5.0
บางจาก,2480000,2017.0,8.0,1,1,28.0,710.0,9.0
ทองหล่อ,9900000,2013.0,17.0,1,1,53.0,140.0,8.0
สุขุมวิท,17500000,1997.0,14.0,2,2,135.0,620.0,9.0
บางนาเหนือ,5500000,2012.0,20.0,1,1,43.0,300.0,8.0
บางจาก,2450000,2013.0,2.0,1,1,36.34,260.0,7.0
บางซื่อ,3867000,2021.0,15.0,2,1,34.5,630.0,10.0
เพชรรามา,5981300,2015.0,19.0,1,1,34.0,260.0,5.0
บางจาก,4200000,2020.0,9.0,1,1,27.5,180.0,10.0
มักกะสัน,10500000,2013.0,8.0,1,1,80.0,260.0,10.0
พร้อมพงษ์,40300000,2012.0,18.0,3,3,179.0,700.0,7.0
พร้อมพงษ์,28900000,2012.0,20.0,3,3,145.0,530.0,9.0
สามย่าน,18000000,2018.0,45.0,2,2,63.0,150.0,5.0
ทุ่งมหาเมฆ,42900000,2012.0,21.0,2,2,141.0,680.0,4.0
พระโขนงใต้,4400000,2017.0,8.0,1,1,40.0,530.0,5.0
หัวหมาก,2450000,2012.0,3.0,1,1,28.0,1110.0,9.0
พร้อมพงษ์,25300000,2015.0,16.0,2,2,82.0,240.0,6.0
พร้อมพงษ์,16500000,2019.0,16.0,1,1,57.0,140.0,9.0
ห้วยขวาง,4640000,2018.0,22.0,1,1,29.21,20.0,7.0
ดินแดง,3300000,2015.0,4.0,1,1,34.0,430.0,9.0
ทองหล่อ,5200000,2008.0,3.0,1,1,45.0,1340.0,6.0
พระโขนงเหนือ,10790000,2017.0,2.0,2,2,68.0,1020.0,7.0
พร้อมพงษ์,12215000,2018.0,26.0,2,2,55.0,660.0,10.0
พร้อมพงษ์,29000000,2010.0,18.0,3,3,152.0,500.0,6.0
ทุ่งมหาเมฆ,4900000,2015.0,5.0,1,1,35.0,1780.0,7.0
ห้วยขวาง,4000000,2019.0,16.0,1,1,29.81,1010.0,10.0
บางจาก,2000000,2015.0,9.0,1,1,28.0,270.0,7.0
พร้อมพงษ์,15630000,2013.0,34.0,2,2,62.5,200.0,6.0
จอมพล,4200000,2018.0,3.0,1,1,33.0,470.0,8.0
รัชโยธิน,4990000,2020.0,19.0,2,2,33.0,100.0,8.0
ทองหล่อ,11599000,2017.0,6.0,2,2,55.0,350.0,10.0
บางโคล่,3900000,2017.0,29.0,1,1,33.0,1990.0,8.0
พระโขนงใต้,6150000,2010.0,8.0,2,2,63.4,370.0,6.0
บางจาก,12500000,2018.0,39.0,3,2,81.3,430.0,9.0
ทองหล่อ,4500000,2017.0,18.0,1,1,25.0,350.0,10.0
จอมพล,2090000,2021.0,4.0,1,1,24.5,1100.0,6.0
สุรวงศ์,20000000,2012.0,23.0,2,2,88.0,470.0,6.0
ทองหล่อ,4500000,2017.0,18.0,1,1,25.0,350.0,10.0
พร้อมพงษ์,13900000,2018.0,26.0,2,2,56.0,660.0,10.0
ทองหล่อ,13700000,2017.0,8.0,2,2,78.0,290.0,10.0
สีลม,8300000,2013.0,34.0,1,1,46.5,430.0,4.0
ทองหล่อ,4190000,2017.0,20.0,1,1,24.13,350.0,10.0
จอมพล,3290000,2012.0,8.0,2,1,58.0,1110.0,4.0
บางบำหรุ,4500000,2011.0,15.0,2,2,65.17,1130.0,8.0
สุรศักดิ์,8000000,2016.0,16.0,1,1,46.78,420.0,4.0
ทองหล่อ,19500000,2012.0,18.0,2,2,84.0,520.0,7.0
บางลำภูล่าง,23500000,2016.0,26.0,3,3,167.0,1170.0,10.0
จอมพล,5500000,2013.0,8.0,2,1,69.07,320.0,6.0
ลาดยาว,3350000,2018.0,7.0,2,1,30.0,1650.0,10.0
บางกะปิ,5500000,2014.0,25.0,1,1,34.0,230.0,7.0
บางนาเหนือ,3500000,2017.0,20.0,1,1,32.74,540.0,8.0
จอมพล,7690000,2018.0,8.0,1,1,40.68,460.0,10.0
ทองหล่อ,19900000,2020.0,7.0,1,1,53.5,1050.0,10.0
พร้อมพงษ์,45000000,2009.0,35.0,3,4,170.0,750.0,10.0
ทองหล่อ,4700000,2017.0,11.0,1,1,24.0,350.0,10.0
บางลำภูล่าง,8000000,2014.0,19.0,2,2,91.55,950.0,5.0
ทุ่งมหาเมฆ,38000000,2009.0,63.0,3,3,193.0,540.0,10.0
บางจาก,2225000,2011.0,6.0,1,1,41.0,180.0,4.0
ทุ่งมหาเมฆ,38000000,2009.0,63.0,3,3,193.0,540.0,10.0
ทองหล่อ,11555555,2017.0,11.0,2,2,56.0,350.0,10.0
ยานนาวา,12500000,2015.0,34.0,2,2,67.0,330.0,9.0
ห้วยขวาง,4430000,2019.0,2.0,1,1,36.03,1010.0,10.0
รามคำแหง,3030000,2019.0,7.0,1,1,31.34,950.0,8.0
บางนาเหนือ,2890000,2017.0,4.0,1,1,28.0,400.0,8.0
แยกบางโพ,13000000,2017.0,6.0,2,2,86.0,180.0,5.0
ห้วยขวาง,2000000,2011.0,5.0,1,1,32.5,980.0,8.0
พระโขนงใต้,5000000,2013.0,7.0,1,1,35.0,200.0,7.0
ทุ่งวัดดอน,5600000,2016.0,22.0,1,1,35.0,1460.0,8.0
ถนนนราธิวาสราชนครินทร์,8000000,2016.0,39.0,1,1,43.0,740.0,9.0
ปิ่นเกล้า,2300000,2018.0,4.0,1,1,25.38,600.0,10.0
รามคำแหง,5300000,2019.0,23.0,1,1,51.0,950.0,8.0
พร้อมพงษ์,6500000,2020.0,8.0,1,1,28.0,610.0,10.0
ลาดยาว,2990000,2014.0,8.0,1,1,29.03,260.0,8.0
บางกะปิ,2470000,2015.0,12.0,1,1,30.08,1280.0,8.0
บางลำภูล่าง,7800000,2009.0,25.0,2,2,89.0,1170.0,10.0
ห้วยขวาง,2150000,2019.0,4.0,1,1,23.3,1010.0,10.0
บางกะปิ,3400000,2015.0,14.0,1,1,38.0,1150.0,8.0
สุขุมวิท,6600000,2013.0,5.0,1,1,44.0,390.0,5.0
สุขุมวิท,6900000,2015.0,8.0,1,1,55.0,250.0,7.0
พระราม 9,8000000,2016.0,16.0,2,1,42.0,380.0,10.0
ช่องนนทรี,2500000,2015.0,7.0,1,1,22.0,620.0,6.0
พระโขนงเหนือ,2900000,2013.0,17.0,1,1,31.0,870.0,10.0
พร้อมพงษ์,6240000,2018.0,8.0,1,1,28.0,660.0,9.0
ลุมพินี,22000000,2015.0,30.0,2,2,93.0,330.0,3.0
ราชพฤกษ์,2350000,2017.0,5.0,1,1,30.0,570.0,9.0
บางจาก,6370000,2020.0,35.0,1,1,42.5,180.0,10.0
พระราม 9,7200000,2014.0,28.0,1,1,43.28,220.0,10.0
เพลินจิต,15000000,2017.0,30.0,1,1,55.9,120.0,10.0
ห้วยขวาง,3340000,2016.0,13.0,1,1,27.0,160.0,7.0
บางจาก,2260000,2013.0,2.0,1,1,32.0,260.0,7.0
สวนจตุจักร,3300000,2012.0,28.0,1,1,45.0,790.0,6.0
บ้านครัว,9200000,2015.0,3.0,1,1,44.49,340.0,5.0
พระโขนงใต้,2180000,2012.0,6.0,1,1,30.8,290.0,6.0
เสนานิคม,3300000,2019.0,2.0,1,1,34.0,680.0,7.0
บางจาก,3990000,2013.0,16.0,2,1,67.26,730.0,7.0
พร้อมพงษ์,20000000,1994.0,13.0,3,3,350.0,1260.0,7.0
ทองหล่อ,5880000,2017.0,8.0,1,1,33.0,350.0,10.0
พร้อมพงษ์,19900000,2015.0,6.0,3,2,121.72,1100.0,9.0
บางจาก,1990000,2014.0,4.0,1,1,35.0,1640.0,5.0
ทองหล่อ,21500000,2014.0,15.0,2,2,79.0,700.0,5.0
พร้อมพงษ์,12000000,2010.0,25.0,1,1,56.5,170.0,5.0
พระราม 9,4420000,2020.0,41.0,1,1,32.0,360.0,9.0
วงศ์สว่าง,4250000,2016.0,5.0,2,1,45.0,140.0,5.0
พระราม 9,2600000,2012.0,20.0,1,1,34.75,230.0,6.0
บางหว้า,3780000,2012.0,6.0,2,1,46.0,530.0,6.0
พระราม 9,3500000,2014.0,20.0,1,1,33.0,390.0,6.0
พร้อมพงษ์,4300000,2011.0,4.0,1,1,37.0,300.0,7.0
พร้อมพงษ์,6500000,2012.0,8.0,1,1,47.0,540.0,7.0
ดินแดง,2400000,2011.0,4.0,1,1,30.0,630.0,7.0
ปิ่นเกล้า,2500000,2009.0,18.0,1,1,35.0,540.0,9.0
สุรวงศ์,7000000,2016.0,14.0,1,1,31.98,400.0,10.0
บางนาเหนือ,3800000,2015.0,12.0,1,1,30.0,610.0,9.0
สวนหลวง,2300000,2013.0,10.0,1,1,35.49,890.0,5.0
ยานนาวา,31000000,2015.0,10.0,1,1,104.0,860.0,6.0
บางนาเหนือ,3800000,2015.0,12.0,1,1,30.0,610.0,9.0
บางจาก,4900000,2018.0,12.0,1,1,35.0,180.0,8.0
ดินแดง,4849200,2015.0,5.0,1,1,45.0,440.0,6.0
พระราม 9,3500000,2016.0,18.0,1,1,22.0,380.0,10.0
ประชาชื่น,2450000,2014.0,19.0,1,1,30.0,770.0,8.0
ห้วยขวาง,2999000,2015.0,14.0,1,1,25.27,260.0,9.0
ทองหล่อ,18000000,2014.0,19.0,2,2,75.0,680.0,5.0
วัดท่าพระ,3490000,2018.0,6.0,1,1,34.64,200.0,8.0
สามเสนนอก,2300000,2008.0,5.0,1,1,30.0,220.0,7.0
พร้อมพงษ์,6250000,2014.0,24.0,1,1,31.0,650.0,10.0
มักกะสัน,11000000,2015.0,8.0,1,1,45.0,560.0,7.0
พระโขนงใต้,4200000,2017.0,27.0,1,1,31.0,530.0,5.0
จอมพล,6200000,2013.0,8.0,2,1,60.0,350.0,7.0
บางค้อ,6300000,2015.0,17.0,2,2,68.0,130.0,9.0
ลาซาล,2050000,2019.0,8.0,1,1,26.5,490.0,10.0
บางจาก,4680000,2018.0,14.0,1,1,35.0,180.0,8.0
ห้วยขวาง,3250000,2010.0,15.0,1,1,37.11,660.0,10.0
พร้อมพงษ์,16500000,2012.0,17.0,2,2,70.22,400.0,7.0
ทองหล่อ,23900000,2009.0,32.0,3,3,113.0,260.0,8.0
เพชรรามา,6500000,2017.0,26.0,1,1,34.0,340.0,10.0
บางจากภาษีเจริญ,2200000,2009.0,7.0,1,1,35.0,290.0,7.0
ทองหล่อ,12500000,2012.0,11.0,1,1,55.0,520.0,5.0
ทุ่งมหาเมฆ,17750000,2009.0,8.0,2,2,93.0,530.0,10.0
อโศก,18600000,2018.0,20.0,2,2,86.0,360.0,8.0
พร้อมพงษ์,22000000,2010.0,11.0,3,3,138.0,500.0,4.0
พร้อมพงษ์,15200000,2007.0,11.0,2,2,91.0,530.0,7.0
สีลม,22000000,2001.0,8.0,2,2,199.0,490.0,5.0
พระโขนงใต้,4200000,2017.0,27.0,1,1,31.0,530.0,5.0
บางจาก,2390000,2019.0,5.0,1,1,29.0,660.0,6.0
ราชเทวี,4600000,2017.0,4.0,1,1,27.0,270.0,10.0
พระราม 9,5900000,2018.0,15.0,1,1,35.04,330.0,10.0
ราชเทวี,4600000,2017.0,4.0,1,1,27.0,270.0,10.0
จันทรเกษม,2100000,2018.0,2.0,1,1,24.03,2030.0,10.0
พร้อมพงษ์,30300000,2015.0,8.0,3,3,114.0,250.0,3.0
พร้อมพงษ์,32500000,2012.0,20.0,3,3,145.0,530.0,7.0
บางนาเหนือ,2900000,2010.0,11.0,1,1,31.0,100.0,7.0
ทองหล่อ,13900000,2009.0,6.0,3,2,120.0,350.0,5.0
ทองหล่อ,18000000,1996.0,19.0,2,3,165.0,280.0,9.0
พร้อมพงษ์,9900000,2016.0,7.0,2,2,75.0,580.0,7.0
บางหว้า,3500000,2012.0,14.0,2,1,46.0,530.0,6.0
ห้วยขวาง,5990000,2014.0,4.0,2,1,75.0,840.0,7.0
พระราม 9,4090000,2016.0,15.0,1,1,33.0,450.0,8.0
ยานนาวา,9900000,2015.0,12.0,2,2,64.0,330.0,9.0
ราชพฤกษ์,3250000,2018.0,22.0,1,1,27.0,170.0,9.0
พร้อมพงษ์,33000000,2009.0,21.0,2,2,145.0,750.0,10.0
ทองหล่อ,35900000,2019.0,23.0,2,3,125.0,1600.0,10.0
ดินแดง,2400000,2012.0,6.0,1,1,29.0,560.0,5.0
พร้อมพงษ์,12400000,2010.0,18.0,2,2,95.0,500.0,4.0
พร้อมพงษ์,8200000,2013.0,8.0,1,1,47.0,420.0,8.0
สวนหลวง,2190000,2012.0,11.0,1,1,31.0,680.0,6.0
พระโขนงใต้,6900000,2013.0,19.0,1,1,45.0,200.0,7.0
อารีย์,8500000,2012.0,9.0,1,1,47.0,200.0,9.0
สุขุมวิท,5500000,2011.0,14.0,1,1,49.75,220.0,10.0
มักกะสัน,9140000,2015.0,16.0,2,1,45.0,160.0,7.0
บางโคล่,6890000,2017.0,32.0,2,1,60.0,1990.0,8.0
สามเสนนอก,4900000,2014.0,4.0,2,2,60.57,1200.0,5.0
สุขุมวิท,5690000,2012.0,4.0,1,1,41.85,480.0,7.0
สะพานควาย,3590000,2010.0,11.0,1,1,31.0,160.0,5.0
สามเสนนอก,4900000,2014.0,4.0,2,2,60.57,1200.0,5.0
ลุมพินี,13000000,2019.0,17.0,1,1,74.0,520.0,8.0
ประดิพัทธ์,5200000,2013.0,24.0,1,1,44.1,720.0,7.0
ทองหล่อ,6800000,2010.0,12.0,1,1,50.0,1650.0,5.0
สุขุมวิท,6490000,2020.0,18.0,1,1,35.0,1200.0,9.0
ดินแดง,9200000,2017.0,3.0,2,2,66.0,570.0,10.0
รัชดาภิเษก,2900000,2014.0,8.0,2,1,43.3,70.0,8.0
เพลินจิต,22000000,2017.0,16.0,2,2,61.55,120.0,10.0
พร้อมพงษ์,35000000,2012.0,19.0,3,3,189.39,700.0,5.0
พร้อมพงษ์,14500000,2012.0,16.0,2,2,67.0,400.0,7.0
บางบำหรุ,2100000,2011.0,26.0,1,1,46.9,1130.0,8.0
พร้อมพงษ์,14000000,2010.0,16.0,1,1,55.0,170.0,5.0
สุขุมวิท,17500000,2006.0,19.0,2,2,96.0,380.0,10.0
สุขุมวิท,7900000,2013.0,15.0,1,1,45.0,80.0,6.0
ชิดลม,43000000,2010.0,18.0,2,3,145.6,450.0,8.0
พญาไท,6500000,2010.0,33.0,1,1,43.0,300.0,10.0
ทองหล่อ,20490000,2021.0,10.0,1,1,55.0,140.0,10.0
ดินแดง,2850000,2019.0,2.0,1,1,29.0,530.0,10.0
รามคำแหง,5300000,2019.0,23.0,1,1,50.0,950.0,8.0
รัชโยธิน,5490000,2019.0,7.0,1,1,38.0,250.0,9.0
ทองหล่อ,18000000,2014.0,18.0,1,2,80.94,680.0,5.0
สุขุมวิท,21000000,2020.0,16.0,3,2,92.0,1200.0,9.0
พร้อมพงษ์,7900000,2009.0,16.0,1,1,52.0,330.0,7.0
สุรศักดิ์,5450000,2013.0,10.0,1,1,34.0,220.0,7.0
วัดท่าพระ,4700000,2018.0,22.0,1,1,35.0,200.0,8.0
พระโขนงใต้,2740000,2019.0,5.0,1,1,25.6,950.0,8.0
จันทรเกษม,3400000,2021.0,2.0,1,1,26.5,980.0,7.0
ดินแดง,2975000,2015.0,8.0,2,1,173.2,430.0,7.0
จันทรเกษม,2711000,2014.0,5.0,1,1,24.77,1470.0,7.0
บางกะปิ,2900000,2015.0,8.0,1,1,39.5,1150.0,8.0
พร้อมพงษ์,8540000,2017.0,17.0,1,1,47.0,530.0,10.0
ทองหล่อ,3600000,2009.0,14.0,1,1,38.0,350.0,5.0
พระราม 9,3700000,2014.0,3.0,1,1,39.89,390.0,6.0
ลุมพินี,7350000,2009.0,15.0,1,1,67.0,170.0,10.0
สามย่าน,7890000,2018.0,10.0,1,1,30.56,150.0,5.0
พระโขนงใต้,4700000,2017.0,12.0,1,1,47.0,530.0,5.0
ลุมพินี,7350000,2009.0,15.0,1,1,67.0,170.0,10.0
สะพานตากสิน,13000000,2012.0,12.0,1,1,62.73,510.0,6.0
เพชรรามา,7900000,2018.0,27.0,1,1,35.6,210.0,10.0
ห้วยขวาง,3120000,2017.0,18.0,1,1,25.0,260.0,9.0
บางค้อ,3100000,2015.0,17.0,1,1,32.0,130.0,9.0
จอมพล,2690000,2017.0,8.0,1,1,31.75,460.0,6.0
พร้อมพงษ์,10200000,2005.0,11.0,2,2,70.0,240.0,9.0
บางจาก,2100000,2014.0,4.0,1,1,35.0,1640.0,5.0
ลาดยาว,2850000,2019.0,11.0,1,1,26.64,1730.0,10.0
บางนาเหนือ,4950000,2017.0,21.0,2,1,47.0,540.0,8.0
บางกะปิ,2900000,2015.0,8.0,1,1,39.4,1150.0,8.0
บุคคโล,9000000,2018.0,19.0,2,2,72.71,490.0,10.0
พระราม 9,4500000,2014.0,8.0,1,1,30.69,220.0,10.0
พหลโยธิน,3290000,2018.0,20.0,1,1,30.0,160.0,10.0
พร้อมพงษ์,4300000,2009.0,20.0,1,1,35.0,600.0,8.0
เสนานิคม,2800000,2016.0,8.0,1,1,40.5,710.0,8.0
ลาซาล,2390000,2019.0,4.0,1,1,25.8,490.0,10.0
ถนนนราธิวาสราชนครินทร์,12000000,2016.0,34.0,2,2,66.0,740.0,9.0
ประดิพัทธ์,3900000,2013.0,15.0,1,1,39.26,720.0,7.0
อโศก,19500000,2018.0,20.0,2,2,86.0,360.0,8.0
วงศ์สว่าง,2190000,2016.0,15.0,1,1,26.0,140.0,5.0
จอมพล,2890000,2013.0,11.0,1,1,25.0,350.0,7.0
บางจาก,4000000,2018.0,6.0,1,1,30.0,430.0,9.0
สุขุมวิท,22500000,2014.0,11.0,3,3,104.0,220.0,7.0
เพลินจิต,5500000,2013.0,4.0,1,1,37.0,370.0,7.0
พร้อมพงษ์,12500000,2018.0,20.0,1,1,43.42,370.0,7.0
ประดิพัทธ์,3900000,2013.0,15.0,1,1,35.19,720.0,7.0
วงศ์สว่าง,3500000,2010.0,17.0,1,1,40.1,750.0,8.0
สุขุมวิท,5800000,2020.0,2.0,1,1,34.0,320.0,6.0
บางจากภาษีเจริญ,6500000,2014.0,15.0,2,1,45.0,200.0,8.0
จันทรเกษม,4350000,2013.0,9.0,2,1,47.0,670.0,7.0
สามเสนใน,2990000,2014.0,6.0,1,1,33.04,690.0,5.0
อารีย์,10950000,2011.0,14.0,2,2,73.0,260.0,6.0
พระราม 4,2580000,2015.0,9.0,1,1,30.0,270.0,6.0
พร้อมพงษ์,11500000,2012.0,6.0,1,1,70.0,700.0,5.0
บางกะปิ,6500000,2019.0,25.0,2,2,65.5,1780.0,10.0
สะพานตากสิน,26800000,2012.0,18.0,2,2,109.81,510.0,6.0
พร้อมพงษ์,5900000,2018.0,26.0,1,1,29.74,660.0,9.0
พร้อมพงษ์,40000000,1995.0,15.0,4,4,480.0,1300.0,6.0
พร้อมพงษ์,27000000,1996.0,8.0,3,4,261.0,600.0,4.0
สุขุมวิท,17000000,2006.0,19.0,2,2,96.0,380.0,10.0
ราชพฤกษ์,4500000,2017.0,16.0,2,1,51.0,570.0,8.0
ลุมพินี,19900000,2023.0,16.0,1,1,57.0,330.0,9.0
จอมพล,4150000,2017.0,19.0,1,1,30.0,880.0,10.0
มักกะสัน,5200000,2012.0,8.0,1,1,47.0,570.0,8.0
บางจาก,3590000,2020.0,25.0,1,1,28.0,180.0,10.0
ประดิพัทธ์,5350000,2013.0,5.0,2,2,65.0,720.0,7.0
คลองสาน,11000000,1994.0,3.0,2,2,114.36,1000.0,9.0
พร้อมพงษ์,22500000,2018.0,7.0,2,2,80.0,370.0,7.0
จอมพล,11800000,2018.0,16.0,2,2,61.0,460.0,10.0
หัวหมาก,5900000,2019.0,10.0,2,1,50.08,770.0,8.0
ห้วยขวาง,3500000,2019.0,7.0,1,1,32.0,1010.0,10.0
สีลม,7730000,2013.0,7.0,1,1,46.5,430.0,4.0
พร้อมพงษ์,9800000,1994.0,16.0,2,1,103.0,1260.0,5.0
บางกะปิ,15000000,2014.0,28.0,2,2,85.0,230.0,7.0
ทุ่งมหาเมฆ,46000000,2012.0,8.0,2,2,134.33,680.0,4.0
จอมพล,4800000,2021.0,19.0,1,1,30.0,180.0,10.0
ห้วยขวาง,4450000,2018.0,29.0,1,1,29.0,20.0,7.0
จอมพล,4300000,2020.0,33.0,1,1,28.0,100.0,10.0
สวนหลวง,2500000,1997.0,6.0,1,1,56.0,2120.0,10.0
ทองหล่อ,3700000,2018.0,8.0,1,1,35.0,800.0,10.0
วงศ์สว่าง,4250000,2015.0,22.0,2,2,50.0,260.0,6.0
ลาซาล,2600000,2019.0,6.0,1,1,25.79,490.0,10.0
กรุงธนบุรี,3490000,2010.0,16.0,1,1,30.0,110.0,5.0
พร้อมพงษ์,16900000,2009.0,12.0,3,3,126.71,750.0,10.0
มักกะสัน,3600000,2007.0,19.0,1,1,59.0,650.0,5.0
วัดพระยาไกร,22000000,2017.0,8.0,2,2,120.0,1000.0,5.0
สุขุมวิท,6180000,2020.0,1.0,1,1,34.0,320.0,6.0
ลาดยาว,3700000,2019.0,8.0,1,1,28.34,90.0,10.0
ลาดพร้าว,2890000,2017.0,6.0,1,1,30.0,2280.0,7.0
บางจาก,12000000,2017.0,7.0,3,4,125.0,620.0,7.0
พร้อมพงษ์,34000000,2018.0,17.0,1,1,107.61,370.0,7.0
ทองหล่อ,13500000,2009.0,20.0,2,2,68.0,260.0,8.0
ลาซาล,2250000,2016.0,11.0,1,1,21.0,340.0,6.0
สุขุมวิท,5500000,2013.0,6.0,1,1,35.31,1270.0,5.0
บางจาก,12000000,2017.0,7.0,3,4,125.0,620.0,7.0
จอมพล,2390000,2018.0,4.0,1,1,27.0,540.0,7.0
จอมพล,2700000,2019.0,12.0,1,1,24.38,750.0,10.0
จอมพล,9888000,2014.0,11.0,2,1,62.25,100.0,5.0
ห้วยขวาง,3590000,2021.0,8.0,1,1,28.0,120.0,7.0
บางลำภูล่าง,2800000,2009.0,21.0,1,1,39.0,1170.0,10.0
สีลม,49000000,2016.0,8.0,2,2,126.0,130.0,7.0
สวนหลวง,2890000,2013.0,22.0,1,1,35.0,490.0,6.0
อโศก,29000000,2018.0,47.0,2,2,75.0,520.0,10.0
ทองหล่อ,4390000,2018.0,5.0,1,1,30.0,800.0,10.0
สุทธิสาร,2390000,2012.0,7.0,1,1,32.0,160.0,3.0
พระโขนงใต้,2400000,2014.0,15.0,1,1,38.0,520.0,6.0
สุขุมวิท,5500000,2017.0,2.0,1,1,35.0,510.0,7.0
ถนนจันทน์,3900000,1999.0,12.0,1,1,49.39,2110.0,8.0
เสนานิคม,3300000,2016.0,6.0,1,1,49.0,710.0,8.0
พร้อมพงษ์,5500000,2009.0,17.0,1,1,50.0,600.0,8.0
จอมพล,3750000,2017.0,3.0,1,1,40.77,610.0,8.0
ห้วยขวาง,2500000,2019.0,14.0,1,1,23.0,1010.0,10.0
บางกะปิ,4800000,2015.0,9.0,2,1,56.0,1150.0,8.0
มักกะสัน,6790000,2015.0,33.0,1,1,35.0,600.0,7.0
สุรศักดิ์,4900000,2013.0,30.0,1,1,34.0,220.0,7.0
เสนานิคม,2450000,2019.0,6.0,1,1,24.71,680.0,8.0
พร้อมพงษ์,13740000,2017.0,14.0,2,1,70.47,530.0,10.0
พร้อมพงษ์,42000000,2009.0,8.0,3,4,193.0,780.0,4.0
บางจาก,5600000,2018.0,23.0,1,1,34.0,180.0,8.0
อโศก,18900000,2018.0,20.0,2,2,86.0,360.0,8.0
มักกะสัน,8000000,2012.0,25.0,2,2,75.0,570.0,8.0
ห้วยขวาง,2750000,2014.0,2.0,1,1,46.0,900.0,5.0
ทองหล่อ,29500000,2014.0,3.0,2,2,121.8,970.0,6.0
พร้อมพงษ์,11500000,2014.0,10.0,2,2,63.0,530.0,9.0
สุขุมวิท,7150000,2020.0,7.0,1,1,40.55,430.0,8.0
บุคคโล,2790000,2015.0,16.0,1,1,30.0,470.0,10.0
ทองหล่อ,9300000,2018.0,5.0,2,2,63.0,800.0,10.0
พร้อมพงษ์,10000000,2014.0,23.0,2,2,55.0,650.0,10.0
ห้วยขวาง,3200000,2010.0,12.0,1,1,34.0,660.0,10.0
พร้อมพงษ์,14490000,2019.0,17.0,1,1,53.0,140.0,7.0
ราชปรารภ,5800000,2012.0,14.0,2,1,58.0,80.0,5.0
ห้วยขวาง,3100000,2019.0,21.0,1,1,23.25,1010.0,10.0
พระโขนงใต้,3800000,2014.0,28.0,1,1,38.0,520.0,6.0
ทองหล่อ,5000000,2017.0,13.0,1,1,24.0,350.0,10.0
พระโขนงเหนือ,3000000,2015.0,25.0,1,1,26.0,820.0,8.0
บางจาก,14500000,2017.0,7.0,3,4,125.0,620.0,7.0
ลุมพินี,11000000,2009.0,15.0,2,2,112.0,170.0,10.0
สวนหลวง,3250000,2016.0,18.0,1,1,31.36,720.0,6.0
ห้วยขวาง,27000000,2014.0,19.0,4,5,250.0,840.0,7.0
เตาปูน,3390000,2015.0,18.0,1,1,28.0,110.0,6.0
พร้อมพงษ์,6780000,2020.0,22.0,1,1,33.98,450.0,10.0
สามย่าน,15900000,2018.0,20.0,2,2,63.0,150.0,5.0
ทองหล่อ,4350000,2017.0,22.0,1,1,25.0,350.0,10.0
พระราม 9,4500000,2018.0,4.0,1,1,27.0,330.0,10.0
พร้อมพงษ์,17900000,2009.0,27.0,2,2,128.0,780.0,4.0
สีลม,60000000,2016.0,42.0,2,3,126.0,160.0,5.0
พระโขนงใต้,4480000,2018.0,2.0,1,1,35.0,730.0,8.0
พระราม 9,4500000,2018.0,4.0,1,1,27.0,330.0,10.0
สุขุมวิท,19500000,2004.0,29.0,2,2,110.0,400.0,7.0
พระโขนงเหนือ,3800000,2015.0,12.0,1,1,30.0,820.0,8.0
ลาดยาว,3500000,2014.0,1.0,1,1,29.0,260.0,8.0
ถนนนราธิวาสราชนครินทร์,8500000,2019.0,41.0,1,1,44.0,870.0,9.0
ลุมพินี,9996000,2018.0,8.0,1,1,43.99,300.0,8.0
สวนหลวง,2500000,2022.0,16.0,1,1,23.8,340.0,7.0
บางลำภูล่าง,7700000,2014.0,18.0,1,1,75.0,950.0,5.0
เพชรรามา,5950000,2017.0,5.0,1,1,35.0,340.0,9.0
บางกะปิ,2300000,2015.0,12.0,1,1,30.65,1280.0,8.0
ห้วยขวาง,6500000,2018.0,27.0,1,1,35.5,20.0,7.0
พร้อมพงษ์,15000000,2010.0,17.0,2,2,90.0,500.0,4.0
สีลม,11500000,2013.0,10.0,2,2,66.0,430.0,4.0
แยกบางโพ,6290000,2015.0,9.0,1,1,45.85,150.0,7.0
พระโขนงเหนือ,3000000,2013.0,17.0,1,1,30.0,870.0,10.0
พระโขนงใต้,3200000,2014.0,12.0,1,1,32.0,520.0,6.0
แยกบางโพ,2200000,2014.0,21.0,1,1,22.77,480.0,6.0
บางบำหรุ,2000000,2011.0,15.0,1,1,28.07,1130.0,8.0
เสนานิคม,2500000,2019.0,5.0,1,1,30.0,680.0,7.0
สุขุมวิท,6480000,2020.0,14.0,1,1,33.93,290.0,6.0
ช่องนนทรี,22500000,2006.0,3.0,3,4,267.0,1230.0,9.0
จอมพล,3000000,2013.0,18.0,1,1,32.0,590.0,6.0
กรุงเทพกรีฑา,2400000,2009.0,2.0,1,1,46.0,680.0,6.0
พร้อมพงษ์,18600000,1993.0,12.0,3,3,164.0,540.0,5.0
ห้วยขวาง,2590000,2011.0,3.0,1,1,32.44,980.0,8.0
บางลำภูล่าง,75000000,1993.0,21.0,5,6,708.0,750.0,8.0
กล้วยน้ำไท,2300000,2011.0,11.0,1,1,46.9,780.0,6.0
พร้อมพงษ์,43000000,2009.0,8.0,3,3,193.0,780.0,4.0
ทองหล่อ,34200000,2019.0,23.0,2,3,125.0,1600.0,10.0
อโศก,10000000,2020.0,23.0,1,1,35.0,60.0,8.0
พระราม 4,5590000,2022.0,16.0,1,1,44.0,300.0,7.0
ลาดยาว,2500000,2016.0,5.0,1,1,30.0,1590.0,9.0
สุขุมวิท,23990000,2004.0,18.0,2,2,109.0,400.0,7.0
สุขุมวิท,6600000,2020.0,17.0,1,1,33.93,290.0,6.0
พร้อมพงษ์,18500000,1996.0,25.0,3,3,223.0,160.0,6.0
หัวหมาก,2400000,2014.0,23.0,1,1,30.5,770.0,7.0
สามย่าน,6000000,2018.0,6.0,1,1,25.0,150.0,5.0
สุขุมวิท,3800000,2010.0,4.0,1,1,45.0,360.0,6.0
พระโขนงเหนือ,3590000,2015.0,15.0,1,1,30.0,820.0,8.0
สีลม,64000000,2016.0,42.0,2,2,126.0,160.0,5.0
พร้อมพงษ์,9300000,2013.0,23.0,1,1,54.0,190.0,7.0
จอมพล,3490000,2019.0,5.0,1,1,30.0,390.0,7.0
พร้อมพงษ์,20280000,2019.0,20.0,2,2,74.95,100.0,10.0
วัดพระยาไกร,37500000,2016.0,27.0,3,3,120.0,1640.0,10.0
ดินแดง,2200000,2011.0,5.0,1,1,28.0,630.0,7.0
บางจาก,4990000,2018.0,10.0,1,1,35.0,180.0,8.0
ทองหล่อ,30000000,2019.0,23.0,2,2,125.0,1600.0,10.0
สุขุมวิท,3370000,2013.0,3.0,1,1,35.0,1270.0,5.0
วงเวียนใหญ่,2950000,2012.0,18.0,1,1,28.0,200.0,4.0
สวนหลวง,2850000,2013.0,24.0,1,1,35.0,490.0,6.0
ทองหล่อ,5750000,2013.0,5.0,1,1,43.0,890.0,5.0
ทุ่งวัดดอน,2950000,2012.0,9.0,2,2,80.0,1330.0,7.0
ประชาชื่น,2460000,2013.0,26.0,1,1,30.0,2440.0,7.0
ลาดยาว,3190000,2014.0,2.0,1,1,29.0,260.0,8.0
ห้วยขวาง,3490000,2019.0,13.0,1,1,30.0,1010.0,10.0
จอมพล,5450000,2020.0,35.0,1,1,35.8,100.0,10.0
สวนหลวง,2300000,2019.0,20.0,1,1,26.0,260.0,9.0
ทุ่งมหาเมฆ,12640421,2015.0,8.0,2,2,69.13,1780.0,7.0
สุขุมวิท,2750000,2010.0,4.0,1,1,35.0,260.0,4.0
สะพานตากสิน,9900000,2012.0,9.0,1,1,69.0,510.0,6.0
บางจาก,3800000,2020.0,12.0,1,1,27.0,180.0,10.0
บางจากภาษีเจริญ,3200000,2014.0,22.0,1,1,22.0,210.0,8.0
อโศก,7410000,2013.0,19.0,1,1,53.0,570.0,5.0
พร้อมพงษ์,28000000,1995.0,15.0,3,3,265.0,1300.0,6.0
ทองหล่อ,19900000,2012.0,8.0,2,2,89.5,520.0,5.0
พร้อมพงษ์,11500000,2012.0,20.0,1,1,52.0,400.0,7.0
บางนาเหนือ,2690000,2017.0,8.0,1,1,26.0,540.0,15.0
พระราม 4,6990000,2021.0,24.0,2,1,49.0,1010.0,6.0
ดินแดง,2400000,2011.0,1.0,1,1,29.7,630.0,7.0
ชิดลม,9800000,2017.0,6.0,1,1,33.5,310.0,5.0
พระโขนงใต้,2740000,2019.0,5.0,1,1,25.6,950.0,8.0
จอมพล,4250000,2015.0,23.0,1,1,32.0,450.0,7.0
บางจากภาษีเจริญ,3200000,2009.0,9.0,1,1,34.5,430.0,7.0
อโศก,11600000,1995.0,15.0,2,2,100.0,120.0,5.0
พระโขนงใต้,4500000,2017.0,16.0,1,1,33.0,530.0,5.0
เพลินจิต,60210000,2008.0,18.0,3,4,222.0,210.0,6.0
สามย่าน,13900000,2018.0,38.0,2,2,57.72,150.0,5.0
จอมพล,6150000,2021.0,43.0,1,1,35.0,180.0,10.0
ดินแดง,3000000,2010.0,1.0,1,1,48.0,550.0,4.0
พระโขนงเหนือ,2990000,2013.0,19.0,1,1,30.0,870.0,10.0
สุรศักดิ์,9500000,2016.0,18.0,1,1,45.0,90.0,5.0
มักกะสัน,18900000,2015.0,46.0,2,2,78.0,560.0,10.0
บางจากภาษีเจริญ,5650000,2014.0,24.0,1,1,42.5,210.0,8.0
สุขุมวิท,16500000,2016.0,6.0,2,2,78.0,220.0,8.0
วงศ์สว่าง,3190000,2018.0,23.0,1,1,32.07,130.0,10.0
ทุ่งมหาเมฆ,7500000,2009.0,20.0,1,1,68.0,740.0,10.0
ดินแดง,2150000,2010.0,12.0,1,1,35.0,550.0,4.0
พระโขนงใต้,6200000,2013.0,14.0,1,1,46.0,200.0,7.0
สุขุมวิท,8800000,1992.0,4.0,2,2,120.0,550.0,6.0
ห้วยขวาง,4400000,2015.0,6.0,1,1,27.0,260.0,9.0
บางลำภูล่าง,22900000,2016.0,47.0,3,3,146.0,1170.0,10.0
สีลม,27000000,2010.0,13.0,2,2,101.3,420.0,7.0
เสนานิคม,3200000,2016.0,6.0,1,1,49.0,710.0,8.0
พญาไท,8500000,2010.0,10.0,1,1,54.0,300.0,8.0
สุขุมวิท,3600000,2010.0,4.0,1,1,35.0,260.0,4.0
สุขุมวิท,40780000,2020.0,30.0,4,4,152.24,290.0,6.0
พระราม 9,5300000,2017.0,21.0,1,1,35.0,450.0,8.0
ลาดยาว,4850000,2009.0,23.0,1,1,55.0,440.0,5.0
ลาดยาว,2890000,2014.0,11.0,1,1,26.0,510.0,5.0
ลาซาล,3600000,2019.0,3.0,2,1,34.47,490.0,10.0
รัชโยธิน,2800000,2011.0,8.0,1,1,28.0,160.0,10.0
ลาซาล,2790000,2012.0,17.0,2,2,52.0,2190.0,8.0
ลาดยาว,5400000,2013.0,24.0,2,1,78.88,880.0,7.0
จอมพล,4890000,2017.0,30.0,1,1,30.0,880.0,10.0
เอกมัย,7900000,2011.0,20.0,1,1,45.0,260.0,10.0
เพลินจิต,14000000,2017.0,22.0,1,1,49.31,120.0,10.0
เพลินจิต,6990000,2020.0,19.0,1,1,35.0,540.0,6.0
นานา,29000000,2007.0,14.0,3,4,232.0,660.0,6.0
ประดิพัทธ์,5590000,2013.0,13.0,1,1,45.0,290.0,7.0
วัดพระยาไกร,44000000,2017.0,18.0,4,4,251.45,1000.0,5.0
วัดพระยาไกร,44000000,2017.0,18.0,4,4,251.45,1000.0,5.0
ห้วยขวาง,3900000,2012.0,12.0,2,2,48.0,490.0,7.0
ลุมพินี,40000000,2021.0,15.0,2,2,96.0,350.0,10.0
ราชดําริ,50000000,2014.0,27.0,2,2,118.0,420.0,7.0
บางจาก,4300000,2018.0,7.0,1,1,31.0,180.0,8.0
สุขุมวิท,7650000,2016.0,18.0,1,1,45.0,220.0,8.0
สุขุมวิท,9500000,2019.0,1.0,2,1,44.75,1290.0,7.0
ดินแดง,2100000,2012.0,2.0,1,1,30.0,1180.0,5.0
จอมพล,6200000,2017.0,5.0,2,2,63.8,610.0,8.0
จอมพล,5480000,2014.0,22.0,1,1,39.78,100.0,5.0
ชิดลม,73000000,2010.0,18.0,3,4,258.0,450.0,10.0
สุขุมวิท,15400000,2018.0,17.0,2,2,62.0,440.0,7.0
ลาดยาว,2500000,2014.0,4.0,1,1,23.0,260.0,8.0
ห้วยขวาง,7200000,2015.0,38.0,1,1,38.6,260.0,9.0
พญาไท,5700000,2018.0,16.0,1,1,28.42,190.0,6.0
บางกะปิ,7000000,2015.0,14.0,2,2,99.0,1410.0,4.0
ทองหล่อ,9900000,2014.0,10.0,1,1,43.31,680.0,5.0
สุรวงศ์,25000000,2016.0,24.0,2,2,86.0,400.0,10.0
ประดิพัทธ์,7500000,2019.0,36.0,1,1,40.0,530.0,10.0
คลองเตย,3630000,2013.0,12.0,1,1,30.0,410.0,6.0
สุรวงศ์,25000000,2016.0,24.0,2,2,86.0,400.0,10.0
พญาไท,8190000,2015.0,14.0,1,1,61.0,380.0,7.0
พร้อมพงษ์,12650000,2012.0,4.0,2,2,99.0,670.0,7.0
บางจาก,5190000,2018.0,10.0,1,1,35.0,180.0,8.0
ชิดลม,15080000,2009.0,18.0,2,2,80.0,510.0,6.0
บางกะปิ,2250000,2019.0,18.0,1,1,30.0,1780.0,10.0
ประดิพัทธ์,4000000,2012.0,7.0,1,1,36.5,720.0,7.0
จอมพล,2980000,2017.0,8.0,1,1,24.0,880.0,10.0
ประดิพัทธ์,6490000,2019.0,36.0,1,1,33.5,530.0,10.0
สุขุมวิท,10500000,2016.0,14.0,2,2,61.0,370.0,7.0
จอมพล,10600000,2020.0,10.0,2,2,75.0,100.0,10.0
ทองหล่อ,6000000,2010.0,10.0,1,1,43.0,1550.0,8.0
จันทรเกษม,2874522,2021.0,7.0,1,1,24.5,980.0,7.0
พร้อมพงษ์,21630000,2015.0,9.0,2,2,81.0,240.0,4.0
คลองสาน,16000000,1994.0,13.0,2,2,137.0,1000.0,9.0
มักกะสัน,11900000,2013.0,7.0,1,2,80.0,260.0,10.0
ดินแดง,3800000,2020.0,5.0,1,1,35.0,930.0,10.0
มักกะสัน,13500000,2015.0,14.0,1,1,64.0,600.0,7.0
สุรศักดิ์,25000000,2016.0,18.0,3,4,85.0,90.0,5.0
จอมพล,4700000,2017.0,8.0,1,1,28.0,770.0,10.0
เพลินจิต,11500000,2017.0,26.0,1,1,46.7,120.0,10.0
บางจาก,3800000,2020.0,28.0,1,1,28.0,180.0,10.0
วงศ์สว่าง,5490000,2018.0,14.0,2,1,49.09,130.0,10.0
พระราม 4,2000000,2012.0,11.0,1,1,29.0,820.0,10.0
สุขุมวิท,9660000,2013.0,20.0,2,2,80.71,380.0,9.0
พร้อมพงษ์,33000000,2018.0,17.0,2,2,107.61,370.0,7.0
ยานนาวา,4670000,2015.0,15.0,1,1,35.0,330.0,9.0
หัวหมาก,2300000,2014.0,5.0,1,1,29.91,820.0,7.0
บางจาก,2000000,2019.0,8.0,1,1,29.0,980.0,5.0
พระราม 9,4850000,2017.0,29.0,1,1,27.72,380.0,10.0
พร้อมพงษ์,5950000,2018.0,22.0,1,1,29.0,660.0,9.0
บางกะปิ,6160000,2015.0,33.0,2,1,72.0,1210.0,8.0
พร้อมพงษ์,9800000,2013.0,5.0,2,1,67.0,300.0,5.0
พร้อมพงษ์,16600000,2013.0,30.0,2,2,63.0,200.0,6.0
บางจากภาษีเจริญ,3950000,2014.0,9.0,1,1,30.0,210.0,8.0
ลุมพินี,26000000,2008.0,8.0,6,3,200.0,940.0,4.0
สามเสนนอก,1800000,2006.0,4.0,1,1,30.23,1350.0,10.0
ดินแดง,2200000,2013.0,22.0,1,1,27.0,1110.0,7.0
เสนานิคม,2900000,2019.0,1.0,1,1,34.9,680.0,7.0
บ้านครัว,7300000,2015.0,2.0,1,1,39.0,340.0,5.0
พระราม 9,6950000,2016.0,11.0,2,2,41.5,380.0,10.0
จอมพล,5990000,2018.0,22.0,1,1,35.0,460.0,10.0
สุขุมวิท,5500000,2013.0,6.0,1,1,35.31,1270.0,5.0
เอกมัย,13800000,2020.0,16.0,2,2,58.98,560.0,9.0
พระโขนงเหนือ,12950000,2017.0,7.0,2,2,72.5,1020.0,7.0
ทองหล่อ,7700000,2014.0,6.0,1,1,61.65,140.0,7.0
บางจาก,4690000,2020.0,14.0,1,1,33.0,180.0,10.0
อารีย์,5900000,2016.0,20.0,1,1,33.0,290.0,5.0
ประดิพัทธ์,5350000,2019.0,20.0,1,1,33.0,530.0,10.0
บางจาก,3489000,2018.0,7.0,1,1,36.0,1000.0,7.0
สุขุมวิท,21900000,2020.0,36.0,2,2,73.0,460.0,10.0
พระโขนงใต้,4386000,2009.0,1.0,2,2,64.5,880.0,4.0
พระโขนงใต้,2300000,2012.0,8.0,1,1,31.0,290.0,6.0
ยานนาวา,62000000,2015.0,37.0,2,2,115.0,860.0,6.0
พระโขนงใต้,3500000,2016.0,3.0,1,1,34.57,970.0,5.0
พระโขนงใต้,5700000,2014.0,17.0,2,2,54.0,520.0,6.0
บางค้อ,2290000,2015.0,19.0,1,1,27.0,530.0,8.0
ห้วยขวาง,13500000,2014.0,16.0,3,3,137.0,840.0,7.0
ทองหล่อ,71500000,2017.0,17.0,3,3,202.0,1040.0,10.0
พระราม 9,14800000,2015.0,11.0,3,2,100.0,510.0,9.0
ห้วยขวาง,6700000,2014.0,24.0,2,2,56.0,440.0,7.0
ดินแดง,2390000,2015.0,6.0,1,1,31.0,430.0,7.0
พร้อมพงษ์,46730000,2017.0,16.0,2,3,136.71,150.0,10.0
สุขุมวิท,9200000,2011.0,14.0,2,2,78.0,220.0,10.0
ทุ่งมหาเมฆ,65900000,2012.0,21.0,3,4,256.92,680.0,4.0
ดินแดง,2400000,2011.0,5.0,1,1,27.5,630.0,7.0
พระโขนงเหนือ,3300000,2013.0,17.0,1,1,30.0,870.0,10.0
บางขุนศรี,2850000,2015.0,16.0,1,1,23.0,770.0,10.0
หัวหมาก,3490000,2019.0,18.0,1,1,31.89,770.0,8.0
ทองหล่อ,8800000,2017.0,21.0,1,1,39.0,350.0,10.0
บางกะปิ,3850000,2015.0,23.0,1,1,37.8,1280.0,8.0
จันทรเกษม,2490000,2013.0,6.0,1,1,35.0,670.0,7.0
ราชดําริ,38650000,2014.0,10.0,2,2,110.4,420.0,7.0
ทองหล่อ,61500000,2009.0,21.0,1,1,56.0,350.0,5.0
บางกะปิ,4300000,2015.0,10.0,1,1,32.0,1430.0,4.0
สามเสนนอก,4250000,2011.0,22.0,1,1,36.38,170.0,6.0
วัดท่าพระ,2790000,2016.0,21.0,1,1,32.0,430.0,9.0
พร้อมพงษ์,8250000,2013.0,8.0,1,1,31.0,200.0,6.0
พร้อมพงษ์,5600000,2014.0,12.0,2,2,88.0,1910.0,7.0
ประดิพัทธ์,4000000,2019.0,11.0,1,1,27.0,530.0,10.0
ช่องนนทรี,2450000,2015.0,2.0,1,1,23.0,620.0,6.0
เสนานิคม,3300000,2010.0,13.0,1,1,52.0,460.0,9.0
อรุณอมรินทร์,2500000,2007.0,25.0,1,1,35.0,1230.0,10.0
ทุ่งมหาเมฆ,15000000,2009.0,33.0,2,2,96.0,540.0,10.0
บางกะปิ,3300000,2017.0,17.0,1,1,35.0,1820.0,7.0
พระราม 9,3150000,2016.0,19.0,1,1,22.0,380.0,10.0
บางกะปิ,2800000,2017.0,2.0,1,1,28.22,900.0,8.0
ลาดยาว,3650000,2018.0,6.0,1,1,28.0,1370.0,10.0
อโศก,7000000,2014.0,19.0,1,1,66.0,540.0,6.0
สามย่าน,8500000,2018.0,55.0,1,1,34.4,150.0,5.0
วงศ์สว่าง,3900000,2016.0,6.0,2,1,46.0,140.0,5.0
พร้อมพงษ์,21900000,2010.0,18.0,3,3,138.16,500.0,4.0
รัชโยธิน,2900000,2011.0,10.0,1,1,28.0,160.0,10.0
เพชรรามา,6290000,2017.0,28.0,1,1,35.0,340.0,9.0
จันทรเกษม,2690000,2013.0,3.0,1,1,42.0,670.0,7.0
วัดท่าพระ,2000000,2016.0,4.0,1,1,28.19,830.0,9.0
สุรศักดิ์,14500000,2016.0,15.0,1,1,61.6,120.0,7.0
สุขุมวิท,9200000,2013.0,20.0,2,2,80.71,380.0,9.0
ห้วยขวาง,5500000,2012.0,18.0,2,1,56.4,700.0,2.0
พระราม 4,68000000,2008.0,4.0,4,6,440.0,250.0,5.0
ยานนาวา,9500000,2015.0,12.0,2,2,64.0,330.0,9.0
สามเสนนอก,2190000,2012.0,3.0,1,1,31.4,1210.0,4.0
ห้วยขวาง,4200000,2016.0,10.0,1,1,33.0,140.0,6.0
ถนนนราธิวาสราชนครินทร์,10000000,2009.0,30.0,1,1,65.58,520.0,6.0
สามย่าน,5600000,2016.0,14.0,1,1,29.0,420.0,7.0
ดินแดง,2422000,2013.0,18.0,1,1,31.0,1110.0,7.0
พหลโยธิน,3900000,2018.0,10.0,1,1,30.23,160.0,10.0
พญาไท,14300000,2015.0,25.0,2,2,94.0,380.0,7.0
สุขุมวิท,10000000,2013.0,3.0,1,1,61.54,410.0,7.0
บางนาเหนือ,3690000,2017.0,37.0,1,1,34.5,540.0,8.0
บางจาก,3990000,2020.0,31.0,1,1,27.0,180.0,10.0
พระโขนงเหนือ,3200000,2015.0,38.0,1,1,30.0,820.0,8.0
สามย่าน,6100000,2018.0,22.0,1,1,24.5,150.0,5.0
บางจากภาษีเจริญ,4000000,2014.0,15.0,1,1,31.0,210.0,8.0
อโศก,14500000,2017.0,25.0,2,1,45.0,70.0,8.0
พร้อมพงษ์,7200000,2010.0,18.0,1,1,50.5,500.0,4.0
พร้อมพงษ์,48950000,2017.0,24.0,2,3,136.71,150.0,10.0
บางจากภาษีเจริญ,9450000,2014.0,24.0,2,2,61.26,210.0,8.0
สามเสนใน,4400000,2018.0,8.0,2,2,53.0,1080.0,5.0
อนุสาวรีย์ชัยสมรภูมิ,3981000,2019.0,11.0,1,1,27.0,490.0,7.0
อโศก,8110000,2017.0,17.0,1,1,31.0,70.0,8.0
พร้อมพงษ์,6450000,2014.0,24.0,1,1,30.0,650.0,10.0
ทองหล่อ,6300000,2017.0,6.0,1,1,30.0,350.0,10.0
บางจาก,7250000,2018.0,30.0,1,1,43.0,430.0,9.0
ดินแดง,2250000,2015.0,1.0,1,1,32.0,430.0,7.0
สุขุมวิท,10200000,2016.0,29.0,1,1,48.0,220.0,8.0
พร้อมพงษ์,4800000,2015.0,5.0,1,1,30.0,1100.0,9.0
บางลำภูล่าง,7500000,2014.0,19.0,1,1,80.0,950.0,5.0
พญาไท,13700000,2018.0,24.0,2,2,60.0,190.0,6.0
เพลินจิต,72000000,2017.0,50.0,2,2,165.0,120.0,10.0
พระโขนงเหนือ,2690000,2013.0,15.0,1,1,30.0,870.0,10.0
พร้อมพงษ์,15500000,1996.0,10.0,3,3,223.0,160.0,4.0
บางจากภาษีเจริญ,2900000,2014.0,13.0,1,1,22.0,210.0,8.0
สวนหลวง,2750000,2013.0,4.0,2,1,57.0,870.0,3.0
สุขุมวิท,4800000,2013.0,2.0,2,1,50.0,400.0,5.0
บางนาเหนือ,4000000,2010.0,21.0,1,1,36.0,100.0,7.0
ถนนนราธิวาสราชนครินทร์,5500000,2013.0,7.0,1,1,33.61,2450.0,5.0
ลาซาล,3600000,2016.0,6.0,1,1,30.5,340.0,6.0
ทองหล่อ,38000000,2017.0,17.0,2,2,111.0,1040.0,10.0
พร้อมพงษ์,14008000,2020.0,29.0,2,2,63.0,450.0,10.0
จันทรเกษม,2874522,2021.0,7.0,1,1,24.5,980.0,7.0
ทองหล่อ,7700000,2013.0,12.0,1,1,43.0,140.0,6.0
แยกบางโพ,41500000,2017.0,21.0,2,3,141.7,180.0,5.0
อารีย์,23900000,2015.0,12.0,2,2,73.75,120.0,6.0
พระราม 9,5600000,2015.0,8.0,1,1,42.0,510.0,9.0
จอมพล,4120000,2020.0,16.0,1,1,31.0,250.0,10.0
พร้อมพงษ์,38000000,2009.0,20.0,3,4,342.0,330.0,7.0
อโศก,26000000,2020.0,23.0,2,2,86.0,60.0,8.0
พร้อมพงษ์,5100000,2013.0,3.0,1,1,46.0,1030.0,7.0
สุขุมวิท,8500000,2014.0,15.0,1,1,42.9,220.0,7.0
สุขุมวิท,6900000,2013.0,24.0,2,1,59.29,380.0,9.0
คลองเตย,4300000,2013.0,30.0,1,1,30.0,410.0,6.0
สุขุมวิท,4990000,2016.0,4.0,1,1,30.44,390.0,7.0
พร้อมพงษ์,11000000,2012.0,18.0,1,1,68.0,700.0,5.0
ดินแดง,2190000,2020.0,4.0,1,1,25.0,930.0,10.0
รัชโยธิน,5100000,2020.0,10.0,1,1,32.98,100.0,8.0
วงเวียนใหญ่,2100000,2009.0,4.0,1,1,32.7,260.0,4.0
วัดพระยาไกร,34500000,2016.0,28.0,3,4,160.0,1640.0,10.0
สุรวงศ์,23940000,2016.0,11.0,2,2,86.0,400.0,10.0
ทองหล่อ,9000000,2009.0,17.0,1,1,50.0,260.0,8.0
มักกะสัน,4800000,2007.0,19.0,2,1,65.8,650.0,5.0
พระโขนงเหนือ,3750000,2013.0,27.0,1,1,36.0,870.0,10.0
พระโขนงเหนือ,3000000,2013.0,7.0,1,1,30.0,870.0,10.0
จอมพล,8000000,2017.0,29.0,2,2,59.0,880.0,10.0
สุขุมวิท,23000000,2014.0,11.0,3,3,104.0,220.0,7.0
สุขุมวิท,5500000,2017.0,9.0,1,1,30.94,1160.0,10.0
คลองเตย,3790000,2013.0,16.0,1,1,30.0,410.0,6.0
พร้อมพงษ์,8500000,2007.0,7.0,1,1,60.0,530.0,7.0
พร้อมพงษ์,7000000,1999.0,16.0,2,1,83.0,570.0,5.0
หลังสวน,24800000,1998.0,22.0,2,2,131.0,340.0,7.0
สีลม,59000000,2016.0,39.0,2,2,147.0,160.0,5.0
บางจาก,3850000,2018.0,3.0,1,1,27.0,460.0,7.0
พระโขนงใต้,3000000,2016.0,7.0,1,1,26.0,1010.0,5.0
ชิดลม,16900000,2017.0,24.0,1,1,44.0,310.0,5.0
วงเวียนใหญ่,2250000,2013.0,9.0,1,1,32.78,790.0,6.0
สามเสนนอก,2300000,2013.0,3.0,1,1,29.7,900.0,5.0
ดินแดง,9100000,2015.0,31.0,2,2,68.0,440.0,6.0
พร้อมพงษ์,13000000,2018.0,20.0,1,1,44.0,370.0,7.0
สุขุมวิท,4300000,2009.0,7.0,1,1,41.0,320.0,5.0
พระราม 9,12500000,2015.0,22.0,3,2,99.0,510.0,9.0
เอกมัย,6300000,2018.0,17.0,1,1,30.0,330.0,10.0
ทองหล่อ,13500000,2009.0,9.0,2,2,68.0,260.0,8.0
พระราม 4,2200000,2012.0,24.0,1,1,28.0,820.0,10.0
พระโขนงใต้,4000000,2014.0,10.0,1,1,38.35,520.0,6.0
พระราม 9,6500000,2018.0,28.0,1,1,34.84,330.0,10.0
พร้อมพงษ์,23760000,2019.0,9.0,2,2,76.0,140.0,7.0
พร้อมพงษ์,23760000,2019.0,9.0,2,2,76.0,140.0,7.0
ถนนจันทน์,3200000,2015.0,19.0,1,1,32.0,1780.0,5.0
พร้อมพงษ์,11000000,2020.0,13.0,2,2,85.0,1160.0,8.0
สุขุมวิท,3100000,2013.0,7.0,1,1,23.0,380.0,9.0
ราชดําริ,115000000,2014.0,15.0,2,2,187.0,420.0,7.0
พระโขนงใต้,6600000,2013.0,15.0,1,1,45.5,200.0,7.0
พร้อมพงษ์,21000000,1996.0,20.0,3,3,262.0,160.0,4.0
ทองหล่อ,14000000,2019.0,5.0,2,2,59.0,740.0,10.0
พระราม 4,9500000,2013.0,16.0,1,1,64.0,290.0,10.0
พร้อมพงษ์,17000000,1996.0,20.0,3,3,260.0,160.0,4.0
บางนาเหนือ,2650000,2010.0,2.0,2,1,62.8,760.0,7.0
บางจาก,3250000,2013.0,8.0,1,1,48.0,730.0,7.0
บางนาเหนือ,5900000,2012.0,17.0,2,2,62.0,300.0,8.0
ทองหล่อ,6000000,2010.0,12.0,1,1,45.0,1650.0,5.0
บางจาก,2240000,2014.0,5.0,1,1,26.0,760.0,5.0
ทองหล่อ,66500000,2020.0,14.0,3,3,139.0,1050.0,10.0
สุรศักดิ์,9250000,2016.0,12.0,1,1,40.0,90.0,5.0
พระราม 4,37000000,2008.0,4.0,3,4,250.0,250.0,5.0
สุขุมวิท,4900000,2009.0,10.0,2,1,39.0,330.0,10.0
พระราม 9,8000000,2015.0,25.0,2,1,50.0,510.0,9.0
เอกมัย,13500000,2013.0,15.0,2,2,74.0,290.0,10.0
บางกะปิ,4500000,2015.0,22.0,1,1,34.81,1410.0,4.0
พร้อมพงษ์,7850000,2019.0,11.0,1,1,34.0,600.0,10.0
บางจาก,3990000,2013.0,11.0,2,1,65.8,730.0,7.0
บางลำภูล่าง,11900000,2014.0,8.0,2,2,140.0,950.0,5.0
อารีย์,6500000,2011.0,14.0,1,1,44.0,260.0,6.0
พระโขนงใต้,3200000,2014.0,9.0,1,1,32.0,520.0,6.0
สุขุมวิท,5900000,2014.0,12.0,1,1,34.6,180.0,10.0
ลุมพินี,122160000,2021.0,26.0,3,3,254.5,350.0,10.0
ทองหล่อ,6900000,2010.0,20.0,1,1,36.0,1550.0,8.0
ทองหล่อ,23000000,2012.0,18.0,2,2,91.0,520.0,5.0
สุขุมวิท,5500000,2013.0,2.0,1,1,46.0,1270.0,5.0
ดินแดง,2250000,2011.0,8.0,1,1,30.0,630.0,7.0
ทองหล่อ,13500000,2008.0,5.0,3,2,110.0,1340.0,6.0
เพลินจิต,11500000,2016.0,4.0,3,3,81.18,730.0,10.0
สุขุมวิท,14000000,2013.0,1.0,2,3,91.0,1270.0,5.0
พร้อมพงษ์,39900000,2014.0,46.0,3,3,110.0,650.0,10.0
ยานนาวา,79000000,2015.0,41.0,2,2,140.0,860.0,6.0
คลองสาน,4950000,2021.0,11.0,1,1,48.0,1130.0,10.0
สะพานตากสิน,40400000,2012.0,36.0,4,2,231.4,510.0,6.0
พร้อมพงษ์,48450000,2017.0,11.0,3,5,99.0,530.0,10.0
พระโขนงใต้,5500000,2014.0,17.0,2,2,54.0,520.0,6.0
จอมพล,3850000,2012.0,28.0,1,1,34.32,750.0,6.0
ชิดลม,82000000,2010.0,18.0,3,3,203.8,450.0,8.0
ดินแดง,4300000,2015.0,5.0,2,1,44.0,430.0,7.0
เอกมัย,13000000,2011.0,24.0,2,2,68.0,260.0,9.0
สุรศักดิ์,14900000,2020.0,23.0,2,1,65.0,440.0,10.0
บางกะปิ,30000000,2015.0,6.0,3,4,200.0,1410.0,4.0
พร้อมพงษ์,34500000,2017.0,10.0,2,3,101.0,150.0,10.0
ทองหล่อ,21500000,2020.0,16.0,1,1,51.5,1050.0,10.0
พร้อมพงษ์,33000000,2018.0,24.0,3,3,107.61,370.0,7.0
พร้อมพงษ์,14250000,2010.0,12.0,2,2,85.0,500.0,15.0
พระโขนงเหนือ,2800000,2015.0,20.0,1,1,30.0,820.0,8.0
บางนาใต้,3990000,2017.0,4.0,1,1,70.0,180.0,10.0
อโศก,15340000,2020.0,20.0,1,1,50.16,60.0,8.0
บางนาเหนือ,5300000,2017.0,14.0,1,1,36.0,160.0,10.0
เพลินจิต,23500000,2017.0,21.0,2,2,81.0,120.0,10.0
มักกะสัน,12800000,2013.0,13.0,2,2,89.0,540.0,5.0
บางจาก,4000000,2018.0,6.0,1,1,30.0,430.0,9.0
จอมพล,9900000,2014.0,10.0,2,2,56.73,100.0,5.0
พร้อมพงษ์,21000000,1996.0,18.0,3,4,224.0,160.0,4.0
พร้อมพงษ์,22000000,2009.0,18.0,2,3,108.0,750.0,15.0
ราชดําริ,75000000,2014.0,17.0,3,3,161.0,420.0,7.0
พระราม 9,16000000,2015.0,13.0,3,2,98.0,510.0,9.0
จอมพล,15900000,2018.0,17.0,3,2,78.0,460.0,10.0
พร้อมพงษ์,67000000,2010.0,18.0,4,4,277.0,500.0,4.0
ทองหล่อ,41000000,2017.0,14.0,2,2,111.0,1040.0,10.0
สุขุมวิท,14400000,2022.0,26.0,1,1,50.7,420.0,6.0
สามเสนนอก,5200000,2011.0,18.0,1,1,46.0,170.0,6.0
พร้อมพงษ์,19000000,1996.0,18.0,3,3,260.0,160.0,4.0
จอมพล,23340000,2012.0,42.0,3,3,193.0,750.0,6.0
ทองหล่อ,88000000,2019.0,37.0,3,4,252.0,1600.0,10.0
คลองต้นไทร,132000000,2018.0,26.0,3,3,222.0,1090.0,10.0
พร้อมพงษ์,100000000,2017.0,40.0,3,3,185.0,130.0,6.0
บางกะปิ,3600000,2015.0,12.0,1,1,37.0,1280.0,8.0
สุรวงศ์,18000000,2012.0,27.0,2,2,99.0,470.0,6.0
สีลม,70000000,2016.0,39.0,2,2,153.0,160.0,5.0
พร้อมพงษ์,5590000,2012.0,2.0,1,1,50.0,700.0,4.0
บางคอแหลม,160000000,2004.0,25.0,3,3,135.0,2070.0,10.0
ทองหล่อ,49000000,2005.0,13.0,3,4,277.0,1580.0,4.0
พระราม 9,119000000,2015.0,39.0,3,2,106.0,510.0,9.0
พร้อมพงษ์,5000000,2018.0,2.0,1,1,32.7,670.0,9.0
พระโขนงใต้,4550000,2017.0,30.0,1,1,30.0,530.0,5.0
ชิดลม,8200000,2009.0,9.0,1,1,58.0,510.0,6.0
ห้วยขวาง,5500000,2014.0,9.0,1,1,33.82,380.0,7.0
ทองหล่อ,73800000,2017.0,8.0,3,4,202.0,1040.0,10.0
สีลม,95000000,2016.0,8.0,3,4,210.0,160.0,5.0
พร้อมพงษ์,24900000,2012.0,22.0,2,2,112.0,530.0,7.0
คลองต้นไทร,26500000,2017.0,20.0,1,2,78.56,1020.0,6.0
หัวหมาก,2000000,2014.0,22.0,1,1,26.0,820.0,7.0
พร้อมพงษ์,17000000,2014.0,15.0,2,2,78.5,250.0,6.0
สีลม,85000000,2016.0,39.0,3,5,310.7,160.0,5.0
เพลินจิต,74524000,2017.0,38.0,3,3,186.0,120.0,10.0
ห้วยขวาง,5100000,2012.0,4.0,2,2,85.0,290.0,3.0
แยกบางโพ,3300000,2014.0,39.0,1,1,35.98,480.0,6.0
พร้อมพงษ์,21000000,2013.0,14.0,2,2,99.0,190.0,7.0
พระราม 4,2200000,2012.0,9.0,1,1,28.0,820.0,10.0
เตาปูน,3050000,2014.0,12.0,1,1,30.17,200.0,6.0
อโศก,18300000,2020.0,20.0,2,2,70.0,60.0,8.0
เพชรรามา,9400000,2017.0,20.0,2,1,47.0,340.0,9.0
พร้อมพงษ์,54000000,2017.0,24.0,3,3,188.0,490.0,8.0
ทองหล่อ,92000000,2019.0,39.0,3,3,252.0,1600.0,10.0
ยานนาวา,190000000,2015.0,37.0,5,4,400.0,860.0,6.0
ราชเทวี,6390000,2010.0,8.0,1,1,48.91,130.0,7.0
คลองต้นไทร,137000000,2017.0,66.0,3,4,248.53,1020.0,6.0
พร้อมพงษ์,129000000,2009.0,40.0,2,3,376.8,780.0,4.0
พระโขนงเหนือ,4500000,2014.0,22.0,1,1,30.0,210.0,5.0
สวนหลวง,2990000,2019.0,13.0,1,1,30.0,260.0,9.0
ถนนนราธิวาสราชนครินทร์,22000000,2009.0,23.0,3,2,108.0,520.0,6.0
สีลม,148900000,2016.0,8.0,4,4,306.0,160.0,5.0
วิทยุ,109000000,2016.0,13.0,2,2,132.0,290.0,6.0
พร้อมพงษ์,9200000,2013.0,15.0,1,1,43.24,200.0,6.0
ทุ่งมหาเมฆ,107000000,2012.0,21.0,4,4,345.69,680.0,4.0
บางนาเหนือ,3700000,2011.0,14.0,1,1,35.0,190.0,10.0
พร้อมพงษ์,48550000,2017.0,19.0,3,5,205.0,530.0,10.0
สวนหลวง,2500000,2012.0,17.0,1,1,30.0,680.0,6.0
มักกะสัน,4900000,2012.0,22.0,1,1,43.0,590.0,6.0
พร้อมพงษ์,6900000,2014.0,24.0,1,1,30.0,650.0,10.0
ยานนาวา,75000000,2015.0,37.0,2,2,140.0,860.0,6.0
พร้อมพงษ์,39390000,2018.0,25.0,2,2,108.0,370.0,7.0
วิทยุ,99500000,2016.0,13.0,2,2,132.0,290.0,6.0
มักกะสัน,11000000,2013.0,33.0,1,2,81.0,260.0,10.0
สีลม,450000000,2016.0,70.0,4,4,717.17,160.0,5.0
วิทยุ,112000000,2016.0,13.0,2,2,132.59,290.0,6.0
คลองเตย,8200000,2013.0,12.0,2,2,68.5,410.0,6.0
พร้อมพงษ์,12000000,2020.0,12.0,2,2,72.24,1160.0,10.0
ดินแดง,7000000,2012.0,20.0,2,2,60.44,820.0,4.0
ทองหล่อ,22500000,2008.0,9.0,3,3,148.0,1340.0,6.0
พระราม 9,3500000,2010.0,6.0,1,1,35.0,470.0,9.0
บางจาก,3800000,2020.0,22.0,1,1,27.3,180.0,10.0
พระราม 4,3790400,2021.0,26.0,1,1,26.78,1010.0,6.0
พระโขนงใต้,6100000,2017.0,4.0,2,1,49.27,530.0,5.0
อโศก,8800000,2014.0,12.0,2,2,80.0,540.0,6.0
จอมพล,5100000,2014.0,30.0,1,1,38.0,500.0,9.0
สุขุมวิท,4000000,2020.0,6.0,1,1,33.28,750.0,10.0
เพลินจิต,9000000,2000.0,3.0,2,2,123.0,700.0,7.0
พระโขนงใต้,2500000,1998.0,7.0,1,1,72.0,760.0,5.0
ทองหล่อ,10500000,2014.0,17.0,1,1,90.0,1560.0,7.0
สวนหลวง,2390000,2014.0,1.0,1,1,34.0,1710.0,5.0
มักกะสัน,12000000,2012.0,38.0,2,2,75.5,160.0,5.0
พระราม 4,3800000,2015.0,12.0,1,1,44.0,270.0,10.0
แบริ่ง,5000000,2016.0,3.0,2,2,57.0,390.0,3.0
ทองหล่อ,5600000,2010.0,10.0,1,1,45.0,1650.0,5.0
สุขุมวิท,7200000,2009.0,4.0,1,1,55.0,410.0,10.0
จุฬา,4950000,2019.0,15.0,1,1,33.47,340.0,10.0
ทองหล่อ,4429000,2017.0,16.0,1,1,24.0,350.0,10.0
จอมพล,5770000,2013.0,23.0,2,1,57.77,350.0,7.0
ถนนนราธิวาสราชนครินทร์,5900000,2019.0,29.0,1,1,38.0,870.0,9.0
มักกะสัน,3400000,2017.0,8.0,1,1,46.9,610.0,7.0
พระโขนงเหนือ,3400000,2011.0,5.0,1,1,31.0,530.0,7.0
พระโขนงเหนือ,2600000,2013.0,17.0,1,1,30.0,870.0,10.0
สุขุมวิท,6500000,2016.0,19.0,1,1,34.0,370.0,7.0
ทองหล่อ,45000000,2020.0,22.0,3,3,116.49,90.0,10.0
พระราม 9,3500000,2016.0,18.0,1,1,22.0,380.0,10.0
พระโขนงเหนือ,3250000,2013.0,12.0,1,1,30.34,870.0,10.0
ห้วยขวาง,3888000,2016.0,6.0,1,1,32.0,140.0,6.0
เอกมัย,15500000,2011.0,23.0,2,2,88.52,260.0,6.0
จอมพล,2750000,2018.0,7.0,1,1,27.0,540.0,7.0
บางนาเหนือ,3500000,2013.0,8.0,2,1,42.0,430.0,6.0
จันทรเกษม,2900000,2013.0,8.0,2,1,48.18,1160.0,6.0
พร้อมพงษ์,3000000,2017.0,2.0,1,1,24.0,400.0,7.0
แยกบางโพ,2200000,2014.0,9.0,1,1,35.98,480.0,6.0
ห้วยขวาง,3300000,2011.0,12.0,1,1,34.87,80.0,10.0
สุขุมวิท,5300000,2015.0,15.0,1,1,35.0,250.0,7.0
ทุ่งมหาเมฆ,7020000,2014.0,2.0,2,2,72.0,910.0,2.0
อุดมสุข,3500000,2021.0,4.0,1,1,31.13,700.0,10.0
พระราม 4,4500000,2015.0,12.0,1,1,44.0,270.0,6.0
สุขุมวิท,9500000,2013.0,5.0,2,2,68.5,80.0,6.0
ยานนาวา,6800000,2015.0,15.0,1,1,45.0,330.0,10.0
รามคำแหง,3030000,2019.0,7.0,1,1,31.34,950.0,8.0
ทองหล่อ,7600000,2009.0,15.0,2,2,70.0,350.0,5.0
หลังสวน,25000000,2010.0,19.0,2,2,93.0,350.0,9.0
บางจาก,2200000,2014.0,4.0,1,1,36.0,400.0,8.0
พร้อมพงษ์,16000000,2012.0,15.0,2,2,93.0,700.0,5.0
บางจาก,3550000,2014.0,4.0,2,1,40.44,760.0,5.0
สีลม,13900000,2001.0,68.0,2,2,93.1,490.0,5.0
ดินแดง,10500000,2010.0,18.0,2,2,68.0,550.0,4.0
คลองต้นไทร,3550000,2013.0,20.0,1,1,38.0,460.0,10.0
บางกะปิ,6500000,2018.0,19.0,1,1,33.0,260.0,12.0
ถนนนราธิวาสราชนครินทร์,6800000,2019.0,33.0,2,1,44.0,870.0,9.0
สุขุมวิท,7900000,2018.0,7.0,1,1,35.0,440.0,7.0
เพลินจิต,4700000,2017.0,2.0,1,1,32.0,720.0,5.0
ลาซาล,2990000,2012.0,20.0,2,2,52.0,2190.0,8.0
บางนาเหนือ,5800000,2017.0,14.0,1,1,35.0,160.0,10.0
สะพานควาย,5850000,2019.0,19.0,1,1,46.9,250.0,10.0
เอกมัย,11900000,2011.0,17.0,2,2,83.0,260.0,10.0
พร้อมพงษ์,7900000,2010.0,21.0,1,1,56.0,500.0,7.0
ทุ่งวัดดอน,4764600,2018.0,1.0,1,1,45.0,950.0,9.0
สุขุมวิท,9800000,2020.0,5.0,1,1,48.54,800.0,8.0
พระโขนงเหนือ,2999000,2013.0,19.0,1,1,36.0,870.0,10.0
ห้วยขวาง,2887000,2010.0,11.0,1,1,32.0,660.0,10.0
พระโขนงใต้,4742000,2017.0,6.0,1,1,40.0,530.0,8.0
ห้วยขวาง,4900000,2018.0,14.0,1,1,30.0,20.0,10.0
พร้อมพงษ์,23800000,2019.0,9.0,2,2,76.0,140.0,7.0
พระโขนงใต้,4794000,2014.0,3.0,2,2,54.0,520.0,10.0
ลุมพินี,23200000,2021.0,11.0,2,3,86.0,690.0,10.0
สุขุมวิท,3000000,2013.0,2.0,1,1,28.5,400.0,9.0
คลองเตย,4000000,2013.0,10.0,1,1,35.0,410.0,10.0
พระราม 9,4900000,2016.0,20.0,1,1,32.0,380.0,10.0
บางกะปิ,7299000,2022.0,19.0,2,2,72.0,1900.0,10.0
สวนหลวง,2990000,2015.0,23.0,1,1,33.0,370.0,7.0
ประดิพัทธ์,5690000,2019.0,21.0,1,1,39.0,480.0,9.0
ราชปรารภ,4472000,2012.0,16.0,1,1,37.0,80.0,5.0
พระราม 9,3290000,2014.0,9.0,1,1,39.0,390.0,6.0
บางกะปิ,14500000,2014.0,20.0,2,2,85.0,230.0,10.0
อโศก,3500000,2005.0,8.0,1,1,36.0,600.0,6.0
ดินแดง,3950000,2017.0,8.0,1,1,29.0,570.0,10.0
พร้อมพงษ์,15230000,2007.0,4.0,2,2,94.0,330.0,10.0
พร้อมพงษ์,5200000,2009.0,14.0,1,1,50.0,600.0,8.0
พร้อมพงษ์,7500000,2009.0,20.0,1,1,53.0,330.0,7.0
เพลินจิต,16000000,2017.0,3.0,1,1,57.0,120.0,10.0
พระโขนงเหนือ,6800000,2011.0,27.0,2,2,61.0,530.0,7.0
สุขุมวิท,70000000,2006.0,35.0,4,5,289.91,380.0,10.0
ชิดลม,7800000,2009.0,12.0,1,1,66.0,510.0,6.0
จอมพล,8990000,2012.0,39.0,2,2,77.8,750.0,6.0
สะพานเหลือง,6390000,2022.0,30.0,1,1,34.0,600.0,5.0
ช่องนนทรี,7200000,2020.0,3.0,2,1,58.0,570.0,5.0
จอมพล,5800000,2013.0,12.0,2,2,69.07,590.0,10.0
สุขุมวิท,7800000,1994.0,15.0,2,2,96.0,1340.0,2.0
สวนจตุจักร,4800000,2020.0,16.0,1,1,28.0,570.0,10.0
พระโขนงใต้,4200000,2014.0,15.0,1,1,39.0,520.0,6.0
สามเสนใน,4124000,2018.0,21.0,1,1,28.0,700.0,10.0
สีลม,15900000,2022.0,10.0,2,2,71.5,400.0,10.0
พร้อมพงษ์,5914000,2019.0,9.0,1,1,28.27,660.0,10.0
สวนหลวง,4800000,2019.0,14.0,2,2,49.0,260.0,9.0
พร้อมพงษ์,17500000,2013.0,35.0,2,2,63.5,200.0,9.0
พระราม 9,4750000,2020.0,18.0,1,1,33.0,360.0,9.0
สุขุมวิท,5700000,2017.0,4.0,1,1,34.0,510.0,7.0
พระราม 9,3960000,2020.0,12.0,1,1,32.5,360.0,10.0
บางจาก,4800000,2018.0,11.0,1,1,34.0,180.0,8.0
สุขุมวิท,6990000,2020.0,3.0,1,1,33.83,460.0,10.0
บางจาก,15000000,2017.0,4.0,3,4,125.0,620.0,7.0
พระราม 9,2990000,2012.0,10.0,1,1,39.0,430.0,6.0
พระโขนงใต้,2577000,2014.0,23.0,1,1,26.0,520.0,10.0
ถนนนราธิวาสราชนครินทร์,7290000,2019.0,27.0,2,1,44.0,870.0,9.0
ชิดลม,12350000,2009.0,8.0,1,1,57.71,510.0,6.0
คลองเตย,4490000,2013.0,20.0,1,1,35.0,410.0,6.0
สุขุมวิท,12800000,2019.0,3.0,2,2,65.0,1290.0,7.0
สุขุมวิท,6392000,2014.0,27.0,1,1,35.0,180.0,10.0
กล้วยน้ำไท,5300000,2011.0,12.0,2,2,58.0,780.0,9.0
ดินแดง,3900000,2019.0,10.0,1,1,39.89,530.0,10.0
พร้อมพงษ์,12500000,2009.0,30.0,1,1,73.0,750.0,10.0
ห้วยขวาง,3000000,2014.0,10.0,1,1,47.0,840.0,10.0
พร้อมพงษ์,7200000,2012.0,12.0,1,1,33.0,270.0,6.0
พระโขนงเหนือ,3550000,2013.0,20.0,1,1,36.0,870.0,10.0
บางลำภูล่าง,7500000,2014.0,7.0,2,2,85.0,950.0,5.0
พร้อมพงษ์,6500000,2020.0,4.0,1,1,57.0,1160.0,9.0
ประดิพัทธ์,6900000,2019.0,17.0,1,1,40.0,530.0,10.0
บางจากภาษีเจริญ,2900000,2019.0,4.0,1,1,26.38,250.0,8.0
จอมพล,4330000,2020.0,33.0,1,1,28.0,100.0,10.0
หัวหมาก,2450000,2014.0,11.0,1,1,29.6,820.0,7.0
ยานนาวา,6490000,2014.0,19.0,1,1,42.0,580.0,5.0
เอกมัย,8100000,2013.0,20.0,1,1,45.0,290.0,10.0
พระโขนงเหนือ,2870000,2015.0,1.0,1,1,26.0,820.0,10.0
ช่องนนทรี,7107000,2007.0,8.0,2,2,67.72,1750.0,9.0
เพลินจิต,11900000,2017.0,11.0,1,1,46.13,120.0,10.0
พระโขนงเหนือ,2850000,2015.0,31.0,1,1,25.56,820.0,8.0
ห้วยขวาง,6250000,2014.0,12.0,2,2,87.5,840.0,7.0
บางจาก,2890000,2019.0,3.0,1,1,29.5,660.0,6.0
พระราม 9,4000000,2015.0,19.0,1,1,23.0,250.0,5.0
พระราม 9,4800000,2015.0,29.0,1,1,29.0,250.0,5.0
สวนหลวง,3890000,2013.0,18.0,2,1,65.0,890.0,5.0
สีลม,5400000,2010.0,10.0,1,1,41.33,300.0,8.0
เอกมัย,7800000,2011.0,10.0,1,1,50.0,260.0,6.0
บางซ่อน,3000000,2015.0,6.0,1,1,42.0,280.0,9.0
พระราม 9,7200000,2017.0,12.0,1,1,40.4,450.0,8.0
ทองหล่อ,15000000,2012.0,26.0,2,2,72.0,370.0,7.0
คลองต้นไทร,3690000,2015.0,8.0,1,1,35.99,280.0,6.0
จันทรเกษม,2750000,2013.0,7.0,2,1,48.0,1160.0,10.0
สุขุมวิท,9200000,2013.0,8.0,2,1,53.0,80.0,7.0
ห้วยขวาง,5200000,2018.0,10.0,1,1,30.0,20.0,9.0
ทองหล่อ,4100000,2019.0,4.0,1,1,56.5,840.0,8.0
ยานนาวา,10000000,2012.0,31.0,2,2,109.0,380.0,8.0
คลองต้นไทร,5500000,2015.0,15.0,1,1,36.0,280.0,10.0
บางจาก,7423000,2019.0,10.0,2,2,50.0,320.0,10.0
พระราม 9,7900000,2020.0,38.0,2,2,58.59,360.0,10.0
อโศก,3500000,2005.0,21.0,1,1,32.55,600.0,6.0
บางกะปิ,3600000,2017.0,16.0,1,1,31.0,1820.0,7.0
พระโขนงใต้,4100000,2017.0,17.0,1,1,30.0,530.0,5.0
สุขุมวิท,11700000,2016.0,27.0,2,2,57.0,220.0,8.0
ทองหล่อ,15000000,2012.0,15.0,1,2,75.0,370.0,7.0
ทุ่งมหาเมฆ,8700000,2014.0,6.0,2,2,74.0,910.0,8.0
สีลม,5500000,2014.0,7.0,2,1,69.0,90.0,4.0
บางจาก,3400000,2013.0,7.0,2,1,48.0,260.0,10.0
พระโขนงเหนือ,3300000,2013.0,29.0,1,1,30.0,870.0,10.0
พร้อมพงษ์,11000000,2012.0,6.0,2,2,72.0,760.0,8.0
บางกะปิ,4640000,2014.0,24.0,1,1,33.4,230.0,7.0
ลาดยาว,2950000,2014.0,5.0,1,1,29.0,260.0,8.0
รามคำแหง,5500000,2019.0,22.0,2,1,50.0,950.0,8.0
ดินแดง,2690000,2015.0,4.0,1,1,30.14,430.0,7.0
ห้วยขวาง,5800000,2018.0,10.0,1,1,35.0,20.0,7.0
สีลม,8000000,2001.0,48.0,1,1,69.0,490.0,10.0
มักกะสัน,4298000,2017.0,22.0,1,1,32.0,630.0,10.0
ชิดลม,6701000,2009.0,12.0,1,1,42.0,510.0,10.0
จอมพล,3180000,2019.0,20.0,1,1,32.5,450.0,7.0
พร้อมพงษ์,8500000,2012.0,7.0,1,1,50.0,270.0,6.0
บางกะปิ,3550000,2015.0,14.0,1,1,37.97,1150.0,8.0
บางกะปิ,3100000,2015.0,14.0,1,1,39.0,1150.0,10.0
พระโขนงใต้,3502000,2017.0,3.0,1,1,33.24,530.0,10.0
คลองต้นไทร,4300000,2015.0,7.0,1,1,35.0,280.0,10.0
มักกะสัน,5700000,2012.0,23.0,1,1,48.0,570.0,8.0
พร้อมพงษ์,8000000,2012.0,3.0,1,1,50.0,540.0,7.0
บางกะปิ,4473000,2015.0,26.0,1,1,39.0,1150.0,10.0
อโศก,5750000,2010.0,4.0,1,1,57.71,390.0,10.0
พระโขนงเหนือ,4100000,2011.0,20.0,1,1,40.0,530.0,7.0
พระราม 9,13000000,2015.0,26.0,3,2,106.0,510.0,9.0
อโศก,6690000,2018.0,12.0,1,1,35.0,360.0,8.0
เพลินจิต,4000000,2020.0,8.0,1,1,24.0,540.0,6.0
ยานนาวา,6700000,2015.0,31.0,1,1,45.0,330.0,10.0
พระโขนงเหนือ,4100000,2011.0,20.0,1,1,40.0,530.0,7.0
พระโขนงใต้,5700000,2013.0,8.0,1,1,35.0,200.0,9.0
พระราม 9,14000000,2020.0,39.0,2,2,68.0,370.0,10.0
พร้อมพงษ์,11200000,2013.0,4.0,2,2,75.0,300.0,6.0
พระราม 9,4199990,2021.0,7.0,1,1,35.74,410.0,10.0
บางพลัด,3700000,2019.0,17.0,1,1,30.0,380.0,10.0
ทองหล่อ,6000000,2017.0,2.0,1,1,35.0,190.0,10.0
พระราม 9,12080000,2018.0,29.0,2,1,50.0,330.0,10.0
พร้อมพงษ์,13500000,2012.0,15.0,1,1,67.0,700.0,5.0
พร้อมพงษ์,13500000,2018.0,20.0,1,1,43.0,370.0,7.0
บางลำภูล่าง,8400000,2014.0,18.0,1,1,75.0,950.0,11.0
พร้อมพงษ์,7900000,2015.0,8.0,1,1,49.0,1420.0,10.0
เพลินจิต,6800000,2020.0,14.0,1,1,35.0,540.0,6.0
มักกะสัน,6500000,2012.0,6.0,1,1,45.0,160.0,5.0
พระโขนงใต้,4300000,2017.0,3.0,1,1,39.0,530.0,5.0
ทุ่งมหาเมฆ,7700000,2009.0,14.0,1,1,63.0,740.0,10.0
ทุ่งมหาเมฆ,5400000,2014.0,4.0,1,1,55.0,910.0,2.0
สุขุมวิท,11410000,2014.0,7.0,2,2,73.0,480.0,8.0
สุขุมวิท,7660000,2014.0,7.0,2,2,49.0,480.0,8.0
ยานนาวา,12500000,2014.0,20.0,2,2,71.0,580.0,5.0
ทองหล่อ,38900000,2017.0,6.0,2,2,111.0,1040.0,10.0
ยานนาวา,12500000,2014.0,20.0,2,2,71.0,580.0,5.0
พร้อมพงษ์,16500000,1996.0,4.0,3,3,223.0,160.0,4.0
บางจาก,4500000,2020.0,7.0,1,1,32.5,180.0,10.0
บางกะปิ,3700000,2015.0,6.0,1,1,37.0,1150.0,10.0
สำเหร่,11850000,2013.0,21.0,2,2,126.0,1520.0,10.0
สุรศักดิ์,5900000,2014.0,25.0,2,1,54.0,90.0,2.0
จอมพล,22500000,2019.0,19.0,1,1,27.5,650.0,7.0
พร้อมพงษ์,13900000,2012.0,4.0,2,3,122.0,700.0,4.0
ทุ่งมหาเมฆ,13300000,2016.0,12.0,2,2,103.0,910.0,10.0
พร้อมพงษ์,19500000,2018.0,19.0,1,1,54.39,370.0,10.0
พระโขนงใต้,5460000,2009.0,6.0,2,2,70.0,880.0,10.0
สุขุมวิท,8900000,2015.0,24.0,2,1,60.0,250.0,10.0
สุขุมวิท,12000000,2015.0,41.0,2,1,60.0,250.0,7.0
เอกมัย,7500000,2020.0,15.0,1,1,35.0,560.0,9.0
สีลม,55000000,2016.0,35.0,2,3,147.46,160.0,5.0
กรุงธนบุรี,5300000,2010.0,16.0,1,1,49.0,90.0,10.0
พร้อมพงษ์,6700000,2020.0,8.0,1,1,28.0,610.0,10.0
พระโขนงใต้,4350000,2017.0,25.0,1,1,30.0,530.0,5.0
พระราม 4,3400000,2012.0,17.0,1,1,36.0,820.0,10.0
สุรศักดิ์,34000000,2016.0,35.0,2,2,127.0,120.0,7.0
สุขุมวิท,65000000,2007.0,4.0,4,5,450.0,680.0,6.0
พร้อมพงษ์,19700000,2017.0,20.0,1,1,61.0,490.0,8.0
สุขุมวิท,6500000,2014.0,14.0,1,1,35.0,180.0,10.0
พระราม 9,3500000,2015.0,24.0,1,1,21.0,250.0,5.0
พระโขนงใต้,3990000,2017.0,16.0,1,1,30.0,530.0,5.0
พระราม 9,4100000,2014.0,6.0,1,1,39.0,390.0,6.0
พระโขนงใต้,3950000,2017.0,16.0,1,1,30.0,530.0,5.0
สุรวงศ์,17000000,2012.0,23.0,2,2,88.0,470.0,6.0
ทองหล่อ,4500000,2012.0,2.0,1,1,43.0,320.0,4.0
พญาไท,13000000,2010.0,33.0,1,2,70.0,300.0,10.0
เอกมัย,6360000,2013.0,21.0,1,1,35.0,290.0,10.0
หลังสวน,29000000,2010.0,15.0,2,3,96.0,350.0,9.0
คลองสาน,9588000,2021.0,18.0,2,2,76.5,1130.0,10.0
จันทรเกษม,4990000,2013.0,15.0,1,1,52.0,770.0,9.0
สวนหลวง,2600000,2019.0,21.0,1,1,26.0,260.0,9.0
พร้อมพงษ์,14000000,2009.0,16.0,3,3,107.0,330.0,10.0
สุขุมวิท,4290000,2017.0,11.0,1,1,29.0,1160.0,10.0
กรุงธนบุรี,5500000,2009.0,10.0,1,1,46.0,150.0,7.0
ทองหล่อ,11500000,2017.0,8.0,1,2,55.0,350.0,10.0
มักกะสัน,5000000,2012.0,36.0,2,1,47.59,570.0,8.0
พระราม 9,8000000,2017.0,16.0,2,1,42.0,430.0,10.0
สุขุมวิท,3000000,2021.0,11.0,1,1,25.0,1550.0,7.0
พร้อมพงษ์,16000000,2009.0,16.0,3,3,166.0,490.0,6.0
สุรศักดิ์,12968000,2020.0,24.0,1,1,48.0,440.0,10.0
พร้อมพงษ์,28000000,2018.0,20.0,2,3,107.0,370.0,7.0
ทองหล่อ,5200000,2017.0,24.0,1,1,34.0,350.0,10.0
สุขุมวิท,31500000,2013.0,4.0,4,4,272.0,460.0,2.0
สุขุมวิท,6200000,2020.0,4.0,1,1,34.55,320.0,6.0
ทองหล่อ,11400000,2018.0,5.0,2,2,67.0,800.0,10.0
เพชรรามา,8990000,2018.0,23.0,1,1,34.0,210.0,10.0
สะพานตากสิน,11500000,2012.0,16.0,1,1,69.0,510.0,6.0
ทองหล่อ,28000000,2014.0,28.0,2,2,100.0,680.0,5.0
ห้วยขวาง,5990000,2020.0,6.0,2,3,77.4,1310.0,10.0
พระโขนงใต้,8500000,1998.0,8.0,1,2,105.0,860.0,6.0
พร้อมพงษ์,10350000,2014.0,3.0,2,2,55.0,650.0,10.0
ลาดยาว,3296000,2019.0,8.0,1,1,26.5,1730.0,10.0
มักกะสัน,17000000,2015.0,27.0,2,2,84.0,560.0,10.0
ทุ่งมหาเมฆ,14850000,2009.0,9.0,2,2,84.0,740.0,10.0
บางจาก,5100000,2020.0,19.0,1,1,42.2,180.0,10.0
พร้อมพงษ์,8900000,2012.0,12.0,1,1,52.0,400.0,10.0
สุขุมวิท,7700000,2019.0,8.0,1,1,46.0,560.0,2.0
บางกะปิ,8000000,2012.0,26.0,2,2,67.0,1610.0,6.0
สุขุมวิท,5130000,2020.0,5.0,1,1,33.1,290.0,6.0
หลังสวน,18000000,2014.0,12.0,1,1,90.0,350.0,6.0
อารีย์,20000000,2015.0,15.0,2,2,73.0,120.0,6.0
มักกะสัน,14000000,2013.0,12.0,2,2,89.0,540.0,5.0
พร้อมพงษ์,17200000,2015.0,14.0,1,1,50.0,240.0,4.0
เอกมัย,14550000,2018.0,25.0,2,2,70.0,330.0,10.0
อโศก,9500000,2017.0,33.0,1,1,34.0,70.0,8.0
พระราม 9,3000000,2020.0,41.0,1,1,25.92,360.0,9.0
สีลม,17800000,2018.0,11.0,1,1,49.0,460.0,8.0
สีลม,17800000,2018.0,17.0,1,1,55.0,460.0,8.0
จอมพล,28000000,2014.0,21.0,3,3,411.0,500.0,7.0
ทองหล่อ,31000000,2019.0,23.0,2,2,125.0,1600.0,10.0
ทองหล่อ,6300000,2017.0,6.0,1,1,34.0,350.0,10.0
พระโขนงเหนือ,36990000,2018.0,1.0,3,2,282.0,1010.0,8.0
บางจาก,3360000,2013.0,4.0,1,1,40.0,330.0,5.0
ทองหล่อ,9750000,2010.0,5.0,1,1,74.79,1650.0,5.0
สุรวงศ์,12000000,2012.0,22.0,1,1,52.0,470.0,6.0
พร้อมพงษ์,3600000,2017.0,6.0,1,1,25.0,400.0,7.0
ทองหล่อ,32000000,2009.0,21.0,3,3,221.0,1500.0,6.0
พระโขนงเหนือ,38850000,2018.0,4.0,3,5,287.21,1010.0,8.0
ทองหล่อ,19900000,2009.0,11.0,2,2,138.0,1500.0,6.0
ทองหล่อ,11400000,2012.0,16.0,2,1,57.96,370.0,7.0
สะพานตากสิน,19500000,2012.0,41.0,2,2,112.0,510.0,15.0
สุขุมวิท,3200000,2006.0,11.0,1,1,45.0,890.0,10.0
พร้อมพงษ์,10700000,2014.0,5.0,3,3,120.0,870.0,2.0
มักกะสัน,5950000,2012.0,18.0,1,1,36.0,160.0,5.0
ทองหล่อ,7200000,2009.0,17.0,1,1,51.0,260.0,8.0
เพลินจิต,6390000,2020.0,20.0,1,1,35.0,540.0,6.0
ทองหล่อ,13990000,2020.0,14.0,1,1,41.52,1050.0,10.0
พร้อมพงษ์,16000000,2009.0,12.0,4,3,253.0,490.0,6.0
พระราม 9,6850000,2020.0,34.0,2,2,58.44,360.0,9.0
บางหว้า,4500000,2010.0,11.0,2,1,56.0,200.0,6.0
พร้อมพงษ์,38890000,2009.0,19.0,3,4,192.0,780.0,4.0
ช่องนนทรี,5250000,2019.0,4.0,1,1,32.0,550.0,6.0
สุขุมวิท,4950000,2020.0,8.0,1,1,33.0,750.0,5.0
อโศก,16900000,2013.0,15.0,2,2,140.0,570.0,5.0
พร้อมพงษ์,14200000,2017.0,3.0,2,2,97.0,530.0,10.0
คลองต้นไทร,69000000,2018.0,26.0,2,3,128.0,1090.0,15.0
พร้อมพงษ์,4734000,2017.0,8.0,1,1,29.0,400.0,7.0
พร้อมพงษ์,8566000,2017.0,8.0,2,2,52.0,400.0,7.0
นานา,35200000,1993.0,12.0,2,2,275.0,740.0,10.0
ทุ่งมหาเมฆ,9900000,2014.0,4.0,2,2,73.0,910.0,2.0
สุรศักดิ์,15000000,2020.0,15.0,2,2,54.0,440.0,10.0
ทุ่งมหาเมฆ,119000000,2009.0,33.0,4,5,548.0,540.0,10.0
ราชดําริ,100000000,2014.0,28.0,3,3,199.0,420.0,7.0
